Customer_Age,Customer_AnnualIncome,Customer_AccountBalance,Customer_CreditScore,Customer_Tenure,Customer_City,Customer_Segment,Customer_Channel,Customer_CustomerJoinDate,Customer_Active,Customer_RiskLevel,Customer_MonthlySpend,Customer_Transactions,Customer_SatisfactionScore,Income_Lakhs,MonthlyIncome,Income_After_Spending,Balance_Income_Ratio
55.0,44033.0,111350.85,772,3,Bangalore,SME,Agent,2022-08-15,Yes,Low,23066.19,135,3.1,0.44033,3669.4166666666665,-19396.77333333333,2.5288045329639135
32.0,215546.0,254378.37,374,8,Delhi,Retail,Agent,2025-01-11,Yes,High,24625.17,106,8.2,2.15546,17962.166666666668,-6663.00333333333,1.1801581564955972
23.0,226403.0,159975.42,668,12,Chennai,Premium,Agent,2024-08-01,No,Medium,28536.34,146,6.3,2.26403,18866.916666666668,-9669.423333333332,0.7065958489949339
66.0,87824.0,295741.6,315,14,Mumbai,Premium,Agent,2021-05-15,Yes,High,12869.71,115,9.7,0.87824,7318.666666666667,-5551.043333333332,3.3674348697394785
67.0,31570.0,242423.78,370,4,Bangalore,Retail,Agent,2026-02-03,No,High,34163.02,94,3.7,0.3157,2630.8333333333335,-31532.186666666665,7.6789287298067785
68.0,37087.0,180084.44,738,1,Chennai,Premium,Agent,2023-06-04,Yes,Low,15121.16,6,8.5,0.37087,3090.5833333333335,-12030.576666666666,4.855729500903282
47.0,67229.0,99629.81,464,4,Chennai,Retail,Online,2024-01-16,Yes,High,17655.61,31,2.8,0.67229,5602.416666666667,-12053.193333333333,1.4819469276651445
65.0,139914.0,61030.94,554,15,Kolkata,SME,Agent,2024-06-26,Yes,Medium,1720.85,139,9.7,1.39914,11659.5,9938.65,0.43620323913261005
63.0,153267.0,221707.97,508,5,Hyderabad,Premium,Mobile,2025-03-12,Yes,High,38043.07,76,7.1,1.53267,12772.25,-25270.82,1.4465473324329439
42.0,139914.0,41126.84,556,3,Kolkata,Corporate,Mobile,2021-10-07,Yes,Medium,11472.36,124,9.1,1.39914,11659.5,187.13999999999942,0.29394370827794214
47.0,178741.0,22931.96,341,1,Hyderabad,Retail,Mobile,2023-03-02,Yes,High,24625.17,78,5.6,1.78741,14895.083333333334,-9730.086666666664,0.12829714503107847
25.0,93673.0,65086.87,477,13,Bangalore,Premium,Online,2025-11-22,Yes,High,24777.75,56,8.1,0.93673,7806.083333333333,-16971.666666666668,0.694830634227579
66.0,108309.0,216944.85,643,10,Chennai,Corporate,Mobile,2021-06-25,No,Medium,9746.99,15,3.9,1.08309,9025.75,-721.2399999999998,2.0030177547572223
22.0,106816.0,70169.08,542,4,Kolkata,Premium,Mobile,2025-11-19,Yes,High,32337.34,66,3.1,1.06816,8901.333333333334,-23436.006666666668,0.656915443379269
52.0,139914.0,119810.62,443,13,Unknown,Premium,Branch,2025-08-26,Yes,High,48482.81,18,9.1,1.39914,11659.5,-36823.31,0.8563161656446102
45.0,53671.0,290179.08,693,4,Pune,SME,Agent,2024-05-05,No,Medium,49870.37,31,4.4,0.53671,4472.583333333333,-45397.78666666667,5.406627042536939
27.0,192132.0,193980.13,746,12,Kolkata,SME,Agent,2022-01-07,No,Low,7111.13,110,9.1,1.92132,16011.0,8899.869999999999,1.0096190639768492
53.0,108186.0,31442.42,314,0,Hyderabad,Corporate,Mobile,2022-05-25,No,High,24056.68,121,9.2,1.08186,9015.5,-15041.18,0.29063298393507475
53.0,193933.0,250519.78,315,9,Unknown,Retail,Agent,2022-10-07,Yes,High,32432.32,95,9.3,1.93933,16161.083333333334,-16271.236666666666,1.2917852041684499
64.0,175949.0,65169.27,701,1,Hyderabad,Premium,Agent,2023-08-10,No,Low,19941.13,118,7.5,1.75949,14662.416666666666,-5278.713333333335,0.37038727131157323
64.0,158541.0,246003.79,725,4,Mumbai,SME,Agent,2023-08-24,Yes,Low,21272.91,43,4.4,1.58541,13211.75,-8061.16,1.5516730057209176
47.0,103213.0,225791.49,760,8,Bangalore,Corporate,Branch,2022-02-13,No,Low,2808.48,64,9.6,1.03213,8601.083333333334,5792.603333333334,2.187626461782915
34.0,206264.0,277691.2,311,14,Hyderabad,SME,Online,2025-04-23,Yes,High,37670.96,128,9.8,2.06264,17188.666666666668,-20482.29333333333,1.3462901912112633
55.0,185811.0,84575.71,762,9,Delhi,SME,Agent,2021-11-17,No,Low,13856.76,57,9.6,1.85811,15484.25,1627.4899999999998,0.45517063037172184
53.0,154951.0,39589.6,397,7,Pune,Retail,Agent,2025-03-06,Yes,High,3974.73,132,6.1,1.54951,12912.583333333334,8937.853333333334,0.2554975443849991
68.0,133777.0,167629.78,355,9,Chennai,SME,Branch,2026-03-02,Yes,High,11725.09,74,6.6,1.33777,11148.083333333334,-577.0066666666662,1.2530538134357925
40.0,160542.0,153816.07,597,2,Kolkata,Retail,Agent,2022-06-21,Yes,Medium,20975.42,18,8.9,1.60542,13378.5,-7596.919999999998,0.9581048572959101
47.0,116878.0,151344.55801855895,674,1,Kolkata,Corporate,Mobile,2023-04-30,No,Medium,5694.49,75,5.605416666666668,1.16878,9739.833333333334,4045.343333333334,1.2948934617169952
70.0,206129.0,29621.16,747,13,Bangalore,Retail,Online,2024-09-13,Yes,Low,33012.7,129,6.6,2.06129,17177.416666666668,-15835.28333333333,0.14370205065759792
73.0,51649.0,249961.31,485,11,Hyderabad,Retail,Online,2025-11-11,No,High,5388.27,45,2.0,0.51649,4304.083333333333,-1084.1866666666674,4.839615675037271
64.0,125417.0,97303.74,487,10,Pune,Retail,Agent,2024-06-02,Yes,High,15808.18,80,8.2,1.25417,10451.416666666666,-5356.763333333334,0.7758417120486059
65.0,104561.0,221128.97,433,1,Delhi,Corporate,Branch,2021-01-31,Yes,High,12395.98,14,5.7,1.04561,8713.416666666666,-3682.5633333333335,2.1148322032115225
23.0,170643.0,269471.42,503,3,Hyderabad,SME,Agent,2024-04-20,No,High,18854.81,76,6.5,1.70643,14220.25,-4634.560000000001,1.5791530856818035
18.0,139914.0,950.35,524,14,Hyderabad,Retail,Agent,2025-04-10,No,High,39000.68,80,5.605416666666668,1.39914,11659.5,-27341.18,0.0067923867518618584
27.0,143947.0,295874.0,554,9,Delhi,Retail,Online,2023-08-04,Yes,Medium,42573.8,16,5.605416666666668,1.43947,11995.583333333334,-30578.216666666667,2.0554370705884804
66.0,169701.0,151344.55801855895,429,9,Mumbai,Corporate,Branch,2023-08-27,No,High,17572.01,128,3.9,1.69701,14141.75,-3430.2599999999984,0.8918306787736016
29.0,139914.0,89018.29,389,3,Chennai,SME,Mobile,2024-12-07,Yes,High,24646.77,64,1.0,1.39914,11659.5,-12987.27,0.636235759109167
25.0,151498.0,226900.28,805,3,Delhi,Retail,Agent,2021-07-22,Yes,Low,37514.38,111,2.9,1.51498,12624.833333333334,-24889.54666666666,1.4977113889292268
18.0,90108.0,605.56,377,6,Hyderabad,Retail,Online,2024-03-24,Yes,High,18323.24,78,6.5,0.90108,7509.0,-10814.240000000002,0.006720379988458294
46.0,239941.0,136184.05,820,14,Mumbai,Premium,Branch,2021-05-12,Yes,Low,4394.84,7,5.0,2.39941,19995.083333333332,15600.243333333332,0.5675730700463864
34.0,204761.0,262621.69,432,8,Chennai,Retail,Branch,2021-11-18,No,High,2794.49,38,7.9,2.04761,17063.416666666668,14268.926666666668,1.282576711385469
42.0,206180.0,122002.22,829,6,Bangalore,Retail,Branch,2025-07-11,No,Low,5019.79,76,5.3,2.0618,17181.666666666668,12161.876666666667,0.5917267436220778
21.0,64499.0,151344.55801855895,845,12,Chennai,Premium,Agent,2022-03-10,Yes,Low,42189.4,98,6.4,0.64499,5374.916666666667,-36814.48333333334,2.346463635382858
25.0,56822.0,229440.29,661,0,Chennai,Premium,Branch,2023-08-22,Yes,Medium,23395.48,88,5.1,0.56822,4735.166666666667,-18660.31333333333,4.037877758614621
57.0,187962.0,115536.04,791,7,Pune,Retail,Agent,2022-01-25,No,Low,19727.15,111,8.0,1.87962,15663.5,-4063.6500000000015,0.6146776476096232
33.0,169059.0,228572.05,639,15,Pune,Retail,Mobile,2024-10-04,Yes,Medium,24625.17,148,6.1,1.69059,14088.25,-10536.919999999998,1.3520253284356347
33.0,139914.0,234298.77,836,7,Hyderabad,Retail,Mobile,2024-09-02,Yes,Low,803.37,13,9.8,1.39914,11659.5,10856.13,1.6745913203825207
45.0,131661.0,7349.53,452,6,Delhi,Corporate,Branch,2025-07-30,Yes,High,49132.89,85,9.5,1.31661,10971.75,-38161.14,0.055821617639240165
21.0,109045.0,42676.57,671,9,Bangalore,Retail,Branch,2022-08-13,No,Medium,24625.17,62,8.1,1.09045,9087.083333333334,-15538.086666666664,0.39136659177403826
29.0,216648.0,88708.4,360,0,Pune,Premium,Branch,2025-11-27,Yes,High,45983.18,103,6.8,2.16648,18054.0,-27929.18,0.4094586610538754
51.0,135677.0,297732.69,835,6,Bangalore,Premium,Agent,2021-08-18,No,Low,3114.82,132,5.9,1.35677,11306.416666666666,8191.596666666666,2.1944227098181712
56.0,135641.0,3444.2,456,2,Kolkata,Corporate,Online,2023-11-13,No,High,19483.7,141,9.6,1.35641,11303.416666666666,-8180.283333333335,0.025392027484315214
31.0,239696.0,41661.4,677,2,Bangalore,Premium,Branch,2022-12-06,Yes,Medium,47955.19,115,7.7,2.39696,19974.666666666668,-27980.523333333334,0.1738093251451839
68.0,139225.0,9426.55,478,15,Pune,Premium,Branch,2022-06-28,Yes,High,17597.13,84,1.2,1.39225,11602.083333333334,-5995.046666666667,0.0677073083138804
27.0,172159.0,201009.76,831,4,Bangalore,Corporate,Mobile,2023-06-12,No,Low,37462.72,84,9.9,1.72159,14346.583333333334,-23116.136666666665,1.1675820607694052
20.0,161728.0,151344.55801855895,481,2,Pune,Retail,Branch,2021-02-25,Yes,High,47965.78,14,1.3,1.61728,13477.333333333334,-34488.44666666666,0.9357968812979753
44.0,139914.0,163675.55,341,12,Delhi,Premium,Branch,2021-08-23,No,High,17262.66,35,7.3,1.39914,11659.5,-5603.16,1.1698296810898123
37.0,37411.0,189596.6,608,9,Mumbai,Corporate,Mobile,2021-07-28,Yes,Medium,35753.31,17,4.4,0.37411,3117.5833333333335,-32635.726666666666,5.067937237710834
38.0,139914.0,122314.73,682,12,Kolkata,Retail,Online,2026-01-25,Yes,Medium,24625.17,50,2.1,1.39914,11659.5,-12965.669999999998,0.8742136598196034
52.0,206187.0,4818.56,728,9,Kolkata,Corporate,Agent,2023-12-01,Yes,High,40965.31,112,1.2,2.06187,17182.25,-23783.059999999998,0.023369853579517624
45.0,70232.0,204405.9,542,14,Pune,Corporate,Branch,2022-11-04,Yes,High,29657.43,57,9.4,0.70232,5852.666666666667,-23804.763333333332,2.9104382617610205
49.0,136487.0,223553.85,688,5,Hyderabad,Corporate,Branch,2023-02-20,No,Medium,44026.51,9,3.4,1.36487,11373.916666666666,-32652.593333333338,1.6379131345842461
46.0,79869.0,127781.31,504,15,Bangalore,SME,Branch,2022-07-22,Yes,High,24625.17,13,5.6,0.79869,6655.75,-17969.42,1.599886188633888
62.0,76924.0,61073.51,510,1,Bangalore,Premium,Branch,2021-11-23,Yes,High,26310.39,59,4.4,0.76924,6410.333333333333,-19900.056666666667,0.7939461026467682
73.0,64062.0,73742.23,805,9,Bangalore,Premium,Online,2023-08-24,Yes,Low,40051.01,9,4.3,0.64062,5338.5,-34712.51,1.1511072086416283
47.0,76047.0,81464.11,490,1,Mumbai,Retail,Online,2022-11-08,Yes,High,44125.58,118,2.6,0.76047,6337.25,-37788.33,1.0712337107315213
47.0,245171.0,232946.79,554,14,Pune,Corporate,Branch,2021-04-17,Yes,Medium,18338.72,140,5.6,2.45171,20430.916666666668,2092.1966666666667,0.9501400655053004
58.0,42069.0,151344.55801855895,560,14,Kolkata,Premium,Agent,2023-11-07,Yes,Medium,4691.16,63,9.4,0.42069,3505.75,-1185.4099999999999,3.597531627054576
21.0,245460.0,210129.54,773,0,Bangalore,SME,Online,2023-07-15,Yes,Low,23216.37,135,4.6,2.4546,20455.0,-2761.369999999999,0.8560642874602787
75.0,130823.0,17310.88,710,15,Hyderabad,Premium,Agent,2024-12-16,Yes,Low,22031.72,16,2.0,1.30823,10901.916666666666,-11129.803333333335,0.13232290958011972
75.0,178686.0,5144.93,446,14,Pune,Premium,Agent,2024-12-28,No,High,45017.3,29,7.7,1.78686,14890.5,-30126.800000000003,0.02879313432501707
34.0,54426.0,110320.1,422,4,Chennai,SME,Mobile,2021-04-30,No,High,33610.56,72,5.7,0.54426,4535.5,-29075.059999999998,2.0269742402528204
63.0,181123.0,196015.05,725,1,Pune,Retail,Agent,2021-04-22,No,Low,20009.6,13,5.3,1.81123,15093.583333333334,-4916.016666666665,1.0822206456385992
29.0,139914.0,104065.79,338,11,Bangalore,Premium,Online,2022-07-01,Yes,High,43147.43,131,3.1,1.39914,11659.5,-31487.93,0.7437839672941949
73.0,214013.0,22943.99,534,8,Chennai,Corporate,Mobile,2022-09-18,Yes,High,11686.34,108,1.3,2.14013,17834.416666666668,6148.076666666668,0.10720839388261462
69.0,218016.0,165141.53,829,10,Kolkata,Corporate,Online,2023-09-08,Yes,Low,38451.54,10,6.0,2.18016,18168.0,-20283.54,0.7574743596800235
40.0,31154.0,164739.1,807,6,Mumbai,Premium,Agent,2025-04-07,Yes,Low,47849.17,23,9.1,0.31154,2596.1666666666665,-45253.003333333334,5.287895615330295
74.0,51035.0,224351.57,713,7,Unknown,Premium,Online,2022-05-15,Yes,Low,42890.52,36,5.2,0.51035,4252.916666666667,-38637.60333333333,4.396033506417165
42.0,244861.0,61620.42,607,0,Hyderabad,Premium,Branch,2022-08-11,Yes,Medium,25818.6,76,1.5,2.44861,20405.083333333332,-5413.516666666666,0.2516546938875525
66.0,165905.0,27650.39,357,10,Hyderabad,Retail,Online,2021-11-01,Yes,High,16283.16,22,6.5,1.65905,13825.416666666666,-2457.743333333334,0.1666639944546578
20.0,232020.0,267360.02,547,8,Kolkata,Premium,Agent,2023-01-05,Yes,High,24625.17,37,2.6,2.3202,19335.0,-5290.169999999998,1.1523145418498406
50.0,236957.0,202832.47,617,3,Delhi,Corporate,Online,2023-04-05,Yes,Medium,2057.13,63,5.5,2.36957,19746.416666666668,17689.286666666667,0.8559885126837359
38.0,234112.0,136073.7,582,6,Hyderabad,Retail,Mobile,2022-08-30,Yes,Medium,5841.33,102,5.6,2.34112,19509.333333333332,13668.003333333332,0.581233341306725
22.0,141859.0,151344.55801855895,822,13,Delhi,Corporate,Branch,2023-06-17,Yes,Low,24625.17,119,4.7,1.41859,11821.583333333334,-12803.586666666664,1.0668660995675914
49.0,188834.0,151344.55801855895,753,0,Kolkata,Premium,Agent,2023-08-24,Yes,Low,17796.54,147,5.605416666666668,1.88834,15736.166666666666,-2060.373333333335,0.8014687927945123
47.0,71857.0,264484.69,672,1,Bangalore,SME,Mobile,2024-12-21,Yes,Medium,17084.93,17,8.5,0.71857,5988.083333333333,-11096.846666666668,3.6807087688047093
35.0,179324.0,13574.76,610,9,Kolkata,Corporate,Mobile,2025-10-16,Yes,High,9815.12,37,3.9,1.79324,14943.666666666666,5128.546666666665,0.07569962748990654
30.0,212116.0,34943.35,570,15,Delhi,Retail,Mobile,2024-02-04,Yes,Low,38054.36,101,5.9,2.12116,17676.333333333332,-20378.02666666667,0.16473698353730976
47.0,112969.0,229748.71,398,10,Bangalore,SME,Online,2024-10-08,Yes,High,21240.19,80,7.6,1.12969,9414.083333333334,-11826.106666666665,2.033732351353026
24.0,100897.0,35986.11,378,13,Mumbai,SME,Mobile,2024-12-20,Yes,High,24578.08,75,4.4,1.00897,8408.083333333334,-16169.996666666668,0.35666184326590483
64.0,32099.0,267513.26,444,7,Mumbai,Retail,Agent,2023-09-28,No,High,24085.92,24,5.605416666666668,0.32099,2674.9166666666665,-21411.00333333333,8.334006043801988
65.0,97692.0,179578.53,579,9,Pune,Premium,Branch,2021-08-21,Yes,Medium,16309.51,33,1.9,0.97692,8141.0,-8168.51,1.838211214838472
22.0,120081.0,153869.12,437,2,Delhi,SME,Online,2022-04-06,Yes,High,17677.89,76,5.4,1.20081,10006.75,-7671.139999999999,1.281377736694398
64.0,73874.0,25317.71,384,1,Bangalore,Retail,Online,2022-08-24,Yes,High,21869.3,48,2.0,0.73874,6156.166666666667,-15713.133333333331,0.34271475756017
46.0,234093.0,131453.01,598,5,Bangalore,SME,Branch,2023-12-29,No,Medium,32808.11,112,9.5,2.34093,19507.75,-13300.36,0.56154182312158
54.0,104134.0,97901.53,770,7,Hyderabad,Premium,Mobile,2025-10-29,Yes,Low,30755.11,121,5.9,1.04134,8677.833333333334,-22077.276666666665,0.9401495188891236
51.0,153202.0,96008.19,554,6,Unknown,SME,Branch,2024-02-10,Yes,Medium,35388.8,74,1.8,1.53202,12766.833333333334,-22621.966666666667,0.6266771321523218
62.0,184210.0,151344.55801855895,536,11,Hyderabad,Premium,Branch,2023-08-24,No,High,18587.6,90,2.5,1.8421,15350.833333333334,-3236.7666666666646,0.8215870909210083
24.0,70603.0,106539.49,507,3,Pune,Retail,Branch,2025-06-06,No,High,40479.15,20,5.6,0.70603,5883.583333333333,-34595.566666666666,1.5089938104613119
44.0,221133.0,154927.32,570,12,Hyderabad,SME,Mobile,2021-05-08,No,Medium,33578.84,6,9.1,2.21133,18427.75,-15151.089999999997,0.7006069650391393
60.0,162488.0,234275.81,570,1,Mumbai,Premium,Agent,2023-08-24,Yes,Medium,48286.74,100,4.0,1.62488,13540.666666666666,-34746.073333333334,1.4418037639702623
73.0,226659.0,61207.4,566,3,Mumbai,Corporate,Online,2024-02-19,Yes,Medium,33884.83,15,9.6,2.26659,18888.25,-14996.580000000002,0.2700417808249397
25.0,80204.0,151344.55801855895,689,6,Pune,Premium,Agent,2021-09-29,No,Medium,16696.4,75,2.4,0.80204,6683.666666666667,-10012.733333333334,1.8869951376310277
47.0,228617.0,13433.54,421,11,Unknown,SME,Online,2022-03-06,No,High,32979.41,112,3.4,2.28617,19051.416666666668,-13927.993333333336,0.05876002222056978
36.0,42772.0,159606.5,639,9,Hyderabad,SME,Online,2024-10-03,No,Medium,23669.24,86,1.4,0.42772,3564.3333333333335,-20104.90666666667,3.731565042551202
59.0,152834.0,282381.73,741,2,Delhi,Premium,Mobile,2024-10-15,No,Low,4209.73,140,5.4,1.52834,12736.166666666666,8526.436666666666,1.8476368478218197
37.0,43658.0,234056.78,794,3,Pune,SME,Branch,2022-04-21,Yes,Low,23576.42,9,6.9,0.43658,3638.1666666666665,-19938.25333333333,5.3611429749415915
71.0,105257.0,64109.44,471,14,Bangalore,Retail,Mobile,2023-02-21,No,High,37455.05,120,5.1,1.05257,8771.416666666666,-28683.63333333334,0.609075310905688
33.0,49089.0,251944.85,712,10,Pune,Corporate,Agent,2023-01-27,Yes,Low,15240.46,40,3.8,0.49089,4090.75,-11149.71,5.132409501110229
32.0,169353.0,159325.6,570,2,Unknown,Corporate,Branch,2022-05-17,No,Medium,31838.79,71,3.2,1.69353,14112.75,-17726.04,0.9407899476241933
34.0,123723.0,111972.35,820,2,Bangalore,Premium,Agent,2022-05-13,Yes,Low,30264.76,136,1.8,1.23723,10310.25,-19954.51,0.9050245306046573
66.0,154749.0,13248.58,433,11,Kolkata,Retail,Mobile,2021-08-18,Yes,High,40317.62,47,9.7,1.54749,12895.75,-27421.870000000003,0.08561334806686957
47.0,63714.0,180911.87,510,13,Hyderabad,Retail,Branch,2025-10-31,Yes,High,18374.17,144,5.605416666666668,0.63714,5309.5,-13064.669999999998,2.839436701509872
50.0,139914.0,44118.56,667,13,Pune,Corporate,Online,2025-08-11,No,Medium,45092.96,115,8.7,1.39914,11659.5,-33433.46,0.3153262718527095
23.0,241997.0,137232.92,527,1,Hyderabad,Premium,Online,2024-07-20,Yes,High,22354.58,77,6.6,2.41997,20166.416666666668,-2188.163333333334,0.5670852118001464
42.0,114906.0,92171.69,745,7,Hyderabad,Corporate,Branch,2021-03-05,Yes,Low,24625.17,109,1.5,1.14906,9575.5,-15049.669999999998,0.8021486258332898
60.0,139914.0,106512.32,460,11,Mumbai,Corporate,Branch,2022-06-26,Yes,High,11060.66,62,4.8,1.39914,11659.5,598.8400000000001,0.7612699229526709
64.0,60292.0,147616.35,460,12,Pune,Premium,Branch,2021-12-24,Yes,High,41708.23,24,6.2,0.60292,5024.333333333333,-36683.89666666667,2.4483571618125124
19.0,169129.0,234166.81,516,9,Bangalore,Retail,Online,2023-08-24,Yes,High,29836.6,38,1.8,1.69129,14094.083333333334,-15742.516666666665,1.3845455835486522
62.0,55795.0,49815.76,822,3,Kolkata,Corporate,Online,2023-08-24,Yes,Low,3051.97,90,5.605416666666668,0.55795,4649.583333333333,1597.6133333333332,0.8928355587418227
42.0,139914.0,150454.64,431,15,Hyderabad,Premium,Online,2024-09-27,Yes,High,44710.37,71,4.1,1.39914,11659.5,-33050.87,1.0753365638892463
39.0,139914.0,297436.07,650,7,Kolkata,Retail,Branch,2024-11-27,No,Medium,29851.24,5,5.0,1.39914,11659.5,-18191.74,2.1258492359592323
46.0,139914.0,94111.95,728,12,Hyderabad,SME,Online,2021-02-14,No,Low,12699.76,19,4.1,1.39914,11659.5,-1040.2600000000002,0.6726414082936661
49.0,157311.0,288050.34,317,8,Delhi,Corporate,Mobile,2022-12-04,Yes,High,36026.32,32,1.3,1.57311,13109.25,-22917.07,1.83108835364342
54.0,228218.0,153168.54,599,1,Hyderabad,Corporate,Agent,2023-08-28,No,Medium,34834.92,86,2.8,2.28218,19018.166666666668,-15816.75333333333,0.671150128386017
40.0,99520.0,80280.24,638,1,Delhi,Retail,Online,2024-08-09,No,Medium,18509.34,36,7.0,0.9952,8293.333333333334,-10216.006666666666,0.8066744372990354
75.0,239369.0,218051.65,598,6,Mumbai,Premium,Mobile,2023-08-24,Yes,Medium,6476.55,123,6.5,2.39369,19947.416666666668,13470.866666666669,0.9109435641206672
67.0,115517.0,95582.69,588,6,Bangalore,SME,Agent,2023-05-09,No,Medium,12452.48,103,5.7,1.15517,9626.416666666666,-2826.0633333333335,0.8274339707575509
40.0,147811.0,247995.62,821,7,Pune,Premium,Online,2024-12-07,No,Low,43695.52,36,7.7,1.47811,12317.583333333334,-31377.93666666666,1.6777886625487954
35.0,209492.0,133157.76,751,2,Delhi,Retail,Agent,2024-08-25,No,Low,25254.57,19,5.4,2.09492,17457.666666666668,-7796.903333333332,0.6356221717297081
33.0,231789.0,219148.91,472,1,Bangalore,Premium,Online,2025-10-31,No,High,7201.24,146,4.1,2.31789,19315.75,12114.51,0.9454672568586084
65.0,186326.0,83438.75,328,10,Mumbai,Corporate,Mobile,2023-08-24,Yes,High,24625.17,52,8.9,1.86326,15527.166666666666,-9098.003333333332,0.44781055783948565
74.0,70379.0,151344.55801855895,400,10,Hyderabad,Retail,Branch,2022-01-25,Yes,High,18239.2,3,9.8,0.70379,5864.916666666667,-12374.283333333333,2.1504221148149156
43.0,78798.0,119365.25,596,10,Hyderabad,Retail,Agent,2022-09-16,Yes,Medium,23947.71,111,1.2,0.78798,6566.5,-17381.21,1.514825883905683
57.0,149302.0,72021.22,313,1,Hyderabad,Premium,Online,2022-04-24,Yes,High,48897.31,4,2.3,1.49302,12441.833333333334,-36455.47666666666,0.48238617031252096
40.0,139044.0,218024.77,751,3,Hyderabad,Premium,Agent,2021-12-29,No,Low,44261.47,132,6.5,1.39044,11587.0,-32674.47,1.5680271712551421
57.0,94519.0,274701.67,606,12,Chennai,Retail,Branch,2025-11-14,Yes,Medium,29023.36,149,9.7,0.94519,7876.583333333333,-21146.77666666667,2.9063116410457157
66.0,176716.0,238178.82,357,10,Delhi,Retail,Mobile,2025-06-11,Yes,High,28654.07,146,6.4,1.76716,14726.333333333334,-13927.736666666666,1.3478056316349398
46.0,227332.0,206999.92,656,6,Delhi,Corporate,Online,2024-08-14,Yes,Medium,6078.54,123,7.0,2.27332,18944.333333333332,12865.793333333331,0.9105621733851812
28.0,150147.0,151344.55801855895,760,15,Mumbai,Retail,Online,2021-01-17,No,High,2281.5,73,7.5,1.50147,12512.25,10230.75,1.0079759037380631
54.0,227978.0,186819.68,671,9,Unknown,SME,Branch,2023-08-09,No,Medium,29640.24,119,2.7,2.27978,18998.166666666668,-10642.073333333334,0.8194636324557633
49.0,161614.0,115863.6,681,12,Pune,Retail,Mobile,2023-01-12,No,Medium,41850.44,39,1.2,1.61614,13467.833333333334,-28382.606666666667,0.716915613746334
71.0,249977.0,124488.13,582,6,Hyderabad,Premium,Online,2024-12-29,Yes,Medium,27202.0,32,3.8,2.49977,20831.416666666668,-6370.583333333332,0.49799833584689795
68.0,248536.0,269302.4,464,9,Delhi,SME,Agent,2022-05-16,No,High,24625.17,110,7.1,2.48536,20711.333333333332,-3913.836666666666,1.083554897479641
28.0,59594.0,88782.87,735,8,Pune,Corporate,Agent,2023-06-12,Yes,Low,20085.66,8,9.8,0.59594,4966.166666666667,-15119.493333333332,1.489795449206296
26.0,71413.0,116171.18,465,1,Pune,Corporate,Branch,2023-06-13,No,High,40134.29,52,3.9,0.71413,5951.083333333333,-34183.206666666665,1.6267511517510815
47.0,99069.0,127431.46,468,11,Hyderabad,Corporate,Branch,2023-05-24,No,High,14009.63,126,5.9,0.99069,8255.75,-5753.879999999999,1.2862899595231607
30.0,208362.0,222187.84,460,7,Mumbai,SME,Branch,2025-06-23,Yes,High,42163.74,1,8.5,2.08362,17363.5,-24800.239999999998,1.0663549015655445
43.0,139914.0,1715.57,691,3,Unknown,Retail,Branch,2023-11-25,Yes,High,18930.72,44,9.1,1.39914,11659.5,-7271.220000000001,0.012261603556470402
72.0,125494.0,57335.61,709,11,Mumbai,Retail,Mobile,2025-11-22,Yes,Low,24625.17,23,4.3,1.25494,10457.833333333334,-14167.336666666664,0.45687929303392993
19.0,82993.0,192489.57,553,8,Bangalore,Corporate,Branch,2023-09-01,No,Medium,47687.97,37,8.1,0.82993,6916.083333333333,-40771.886666666665,2.319347053365947
18.0,126604.0,206111.75,625,11,Chennai,Corporate,Agent,2022-04-24,No,Medium,40097.38,138,9.7,1.26604,10550.333333333334,-29547.04666666666,1.6280034596063315
47.0,185372.0,22970.48,511,13,Pune,Premium,Agent,2023-07-25,No,High,42680.91,89,9.5,1.85372,15447.666666666666,-27233.24333333334,0.12391558595688669
50.0,222096.0,28515.91,626,4,Kolkata,Corporate,Branch,2021-11-29,Yes,Medium,22761.5,127,9.1,2.22096,18508.0,-4253.5,0.12839452308911461
24.0,182732.0,31577.76,707,9,Pune,Corporate,Mobile,2022-07-07,No,Low,24625.17,83,6.1,1.82732,15227.666666666666,-9397.503333333332,0.1728091412560471
26.0,189827.0,208739.24,386,4,Mumbai,Corporate,Branch,2021-10-29,Yes,High,21006.7,145,8.5,1.89827,15818.916666666666,-5187.783333333335,1.099628819925511
54.0,204526.0,4090.21,601,11,Delhi,Corporate,Branch,2021-05-05,Yes,High,40940.68,24,4.2,2.04526,17043.833333333332,-23896.846666666668,0.01999848430028456
27.0,139914.0,112056.05,776,12,Hyderabad,SME,Online,2025-10-14,Yes,Low,2738.87,131,9.1,1.39914,11659.5,8920.630000000001,0.8008923338622297
28.0,238397.0,188435.86,658,2,Chennai,SME,Branch,2022-09-10,Yes,Medium,38337.81,63,8.3,2.38397,19866.416666666668,-18471.39333333333,0.7904288225103503
47.0,217402.0,1507.97,580,14,Kolkata,Retail,Mobile,2021-07-10,Yes,High,24625.17,146,4.1,2.17402,18116.833333333332,-6508.336666666666,0.006936320733019936
72.0,53795.0,75324.03,525,14,Pune,Corporate,Agent,2021-02-21,Yes,High,8063.89,2,8.3,0.53795,4482.916666666667,-3580.9733333333334,1.4002050376429036
65.0,240400.0,277368.32,317,14,Mumbai,Retail,Mobile,2021-02-10,No,High,3791.29,99,3.6,2.404,20033.333333333332,16242.043333333331,1.1537783693843595
50.0,224988.0,17841.47,762,6,Mumbai,Retail,Mobile,2023-10-23,No,Low,49510.43,67,5.0,2.24988,18749.0,-30761.43,0.07929965153697087
40.0,92649.0,254158.33,535,0,Hyderabad,SME,Agent,2024-04-10,Yes,High,13314.99,16,3.3,0.92649,7720.75,-5594.24,2.7432387829334366
50.0,182261.0,205618.6,614,0,Chennai,Retail,Agent,2021-07-25,Yes,Medium,38832.73,14,3.1,1.82261,15188.416666666666,-23644.31333333334,1.128154679278617
65.0,88646.0,244923.24,456,3,Bangalore,Premium,Mobile,2022-09-26,Yes,High,48676.41,49,6.6,0.88646,7387.166666666667,-41289.24333333334,2.7629361730929762
52.0,81447.0,167873.66,377,6,Delhi,Premium,Branch,2024-11-08,No,High,19055.19,144,1.2,0.81447,6787.25,-12267.939999999999,2.061139882377497
53.0,28191.0,257436.12,599,4,Bangalore,Retail,Mobile,2023-10-10,Yes,Medium,22096.32,119,6.1,0.28191,2349.25,-19747.07,9.131854847291688
56.0,192516.0,298836.88,790,7,Delhi,Corporate,Agent,2022-06-24,Yes,Low,38230.42,101,9.2,1.92516,16043.0,-22187.42,1.5522703567495688
25.0,108807.0,159573.81,790,0,Mumbai,SME,Branch,2022-03-26,No,Low,20132.14,123,6.4,1.08807,9067.25,-11064.89,1.4665766908379056
73.0,41029.0,64650.23,634,0,Hyderabad,Retail,Agent,2023-08-24,No,Medium,25113.65,118,5.0,0.41029,3419.0833333333335,-21694.56666666667,1.575720344146823
47.0,162924.0,149068.66,569,6,Delhi,Corporate,Online,2023-08-11,Yes,Medium,42073.05,134,4.3,1.62924,13577.0,-28496.050000000003,0.9149582627482753
45.0,172226.0,37669.67,461,13,Kolkata,Premium,Mobile,2024-07-09,Yes,High,38576.94,64,6.3,1.72226,14352.166666666666,-24224.773333333338,0.21872231834914588
37.0,179470.0,86991.04,546,9,Mumbai,Retail,Mobile,2021-01-15,No,High,32325.09,114,7.1,1.7947,14955.833333333334,-17369.256666666668,0.48471075945840525
21.0,80754.0,2004.64,577,14,Chennai,Retail,Branch,2023-08-24,No,High,31904.78,83,5.7,0.80754,6729.5,-25175.28,0.024824033484409442
24.0,193639.0,151344.55801855895,489,1,Mumbai,Corporate,Online,2022-03-09,Yes,High,37907.64,32,5.2,1.93639,16136.583333333334,-21771.056666666664,0.7815809729370579
31.0,40563.0,259188.47,747,6,Mumbai,Retail,Online,2023-08-24,Yes,Low,13302.69,60,1.7,0.40563,3380.25,-9922.44,6.389775657619013
74.0,74879.0,272320.63,827,0,Bangalore,SME,Agent,2024-04-30,Yes,Low,28313.96,6,5.3,0.74879,6239.916666666667,-22074.04333333333,3.6368091187115215
49.0,75861.0,168986.68,560,2,Unknown,Retail,Branch,2021-05-26,Yes,Medium,43125.95,92,4.0,0.75861,6321.75,-36804.2,2.2275830795797575
71.0,141400.0,220860.13,411,14,Kolkata,SME,Online,2026-03-13,Yes,High,20846.52,73,4.5,1.414,11783.333333333334,-9063.186666666666,1.561952828854314
59.0,134787.0,292274.3,497,15,Pune,SME,Branch,2022-01-15,No,High,23242.22,3,9.6,1.34787,11232.25,-12009.970000000001,2.168416093540178
46.0,223436.0,182982.47,419,11,Delhi,Premium,Online,2024-03-24,No,High,20839.55,76,7.5,2.23436,18619.666666666668,-2219.8833333333314,0.8189480209097907
30.0,136335.0,151344.55801855895,368,1,Chennai,Premium,Branch,2025-07-05,No,High,29171.39,94,7.5,1.36335,11361.25,-17810.14,1.1100932117105582
40.0,85545.0,85652.63,635,8,Hyderabad,SME,Online,2022-05-04,Yes,Medium,46658.55,67,5.2,0.85545,7128.75,-39529.8,1.001258168215559
58.0,243344.0,30377.97,633,8,Pune,SME,Agent,2023-12-30,No,Medium,38853.97,79,6.0,2.43344,20278.666666666668,-18575.303333333333,0.124835500361628
28.0,67913.0,4010.3,820,11,Delhi,Premium,Branch,2022-03-23,No,High,5466.39,93,7.9,0.67913,5659.416666666667,193.02666666666664,0.05905054996834185
19.0,165180.0,93025.36,760,10,Chennai,Premium,Agent,2021-03-21,Yes,Low,35779.54,30,4.4,1.6518,13765.0,-22014.54,0.5631756871291924
71.0,203486.0,172152.38,730,6,Mumbai,Corporate,Online,2025-12-14,Yes,Low,41334.87,123,5.605416666666668,2.03486,16957.166666666668,-24377.703333333335,0.8460158438418368
41.0,44975.0,164514.61,745,3,Mumbai,Premium,Online,2023-10-27,Yes,Low,3057.28,32,2.6,0.44975,3747.9166666666665,690.6366666666663,3.6579123957754307
61.0,42014.0,164881.88,367,9,Bangalore,SME,Agent,2025-08-04,Yes,High,28494.18,79,6.2,0.42014,3501.1666666666665,-24993.013333333332,3.9244508973199412
71.0,139914.0,247436.36,626,11,Hyderabad,Retail,Online,2021-02-20,No,Medium,11640.39,115,3.9,1.39914,11659.5,19.110000000000582,1.7684889289134753
32.0,122359.0,133916.07,606,7,Mumbai,Corporate,Mobile,2022-10-01,Yes,Medium,37465.14,71,8.1,1.22359,10196.583333333334,-27268.556666666664,1.094452144917824
49.0,207099.0,238018.2,700,1,Unknown,Retail,Online,2026-02-25,Yes,Low,37071.96,73,10.0,2.07099,17258.25,-19813.71,1.1492967131661669
24.0,44675.0,24820.21,832,12,Kolkata,Premium,Online,2025-09-12,Yes,Low,43622.93,28,4.5,0.44675,3722.9166666666665,-39900.013333333336,0.5555726916620033
51.0,61321.0,13620.98,733,6,Pune,SME,Branch,2026-03-09,Yes,High,26611.97,24,7.7,0.61321,5110.083333333333,-21501.88666666667,0.2221258622657817
43.0,65108.0,231896.02,715,2,Delhi,Premium,Branch,2025-03-15,No,Low,33421.33,91,3.3,0.65108,5425.666666666667,-27995.663333333334,3.56171315352952
74.0,163051.0,18181.47,341,1,Delhi,Premium,Agent,2022-08-03,Yes,High,24625.17,44,7.6,1.63051,13587.583333333334,-11037.586666666664,0.11150787177018234
57.0,87768.0,216516.47,795,15,Kolkata,Corporate,Branch,2025-10-27,No,Low,32050.85,77,5.8,0.87768,7314.0,-24736.85,2.4669181250569685
58.0,130361.0,194313.95,306,8,Mumbai,Premium,Agent,2025-10-20,Yes,High,8205.97,18,5.9,1.30361,10863.416666666666,2657.4466666666667,1.4905834567086782
47.0,51160.0,222048.41,600,11,Delhi,SME,Agent,2022-11-18,Yes,Medium,8466.38,84,8.1,0.5116,4263.333333333333,-4203.046666666666,4.340273846755277
59.0,185105.0,89208.46,762,9,Pune,Corporate,Mobile,2023-06-01,Yes,Low,46466.01,121,9.0,1.85105,15425.416666666666,-31040.593333333338,0.48193436157856356
50.0,94286.0,155482.85,837,7,Kolkata,SME,Mobile,2024-11-02,No,Low,49648.72,95,7.6,0.94286,7857.166666666667,-41791.55333333334,1.6490555331650512
43.0,54300.0,247775.31,343,14,Delhi,Corporate,Agent,2025-08-19,No,High,33126.93,21,1.8,0.543,4525.0,-28601.93,4.563081215469613
50.0,215237.0,228502.76,325,8,Bangalore,Retail,Agent,2026-02-15,Yes,High,21504.74,76,4.2,2.15237,17936.416666666668,-3568.3233333333337,1.061633269372831
66.0,233786.0,151344.55801855895,690,3,Chennai,Corporate,Agent,2025-10-25,Yes,Medium,44158.39,21,8.2,2.33786,19482.166666666668,-24676.22333333333,0.647363648886413
45.0,149481.0,2389.32,742,13,Bangalore,SME,Branch,2024-11-25,Yes,High,44329.22,139,8.4,1.49481,12456.75,-31872.47,0.015984105003311457
72.0,139914.0,270414.93,351,12,Unknown,Corporate,Branch,2021-01-08,Yes,High,18281.94,69,2.0,1.39914,11659.5,-6622.439999999999,1.9327224580813929
69.0,90455.0,26943.65,797,6,Chennai,Corporate,Agent,2023-09-28,Yes,Low,11700.34,16,7.2,0.90455,7537.916666666667,-4162.423333333333,0.29786800066331326
68.0,244780.0,292809.81,612,15,Bangalore,Retail,Mobile,2024-04-01,Yes,Medium,27489.17,100,3.6,2.4478,20398.333333333332,-7090.836666666666,1.1962162349865184
70.0,149865.0,151344.55801855895,312,0,Hyderabad,Premium,Online,2021-06-21,Yes,High,41959.36,103,9.6,1.49865,12488.75,-29470.61,1.0098726054686482
56.0,194899.0,66223.65,731,7,Bangalore,Retail,Mobile,2025-09-20,No,Low,34170.56,47,1.4,1.94899,16241.583333333334,-17928.976666666662,0.33978445245999206
52.0,178515.0,81431.57,429,4,Chennai,Corporate,Agent,2023-08-24,No,High,24625.17,69,8.0,1.78515,14876.25,-9748.919999999998,0.45616093885667874
26.0,139914.0,40706.5,752,14,Hyderabad,Premium,Branch,2025-05-13,No,Low,16101.77,117,4.4,1.39914,11659.5,-4442.27,0.2909394342238804
66.0,133177.0,144679.31,570,3,Chennai,SME,Agent,2026-03-01,Yes,High,15846.08,5,2.4,1.33177,11098.083333333334,-4747.996666666666,1.0863685921743245
43.0,176353.0,212051.36,752,6,Hyderabad,SME,Online,2025-12-08,Yes,Low,2259.82,138,2.3,1.76353,14696.083333333334,12436.263333333334,1.2024255895845264
66.0,246097.0,255204.08,406,10,Pune,Corporate,Branch,2024-11-28,Yes,High,1867.67,26,6.6,2.46097,20508.083333333332,18640.41333333333,1.0370060585866547
50.0,88449.0,101089.42,453,15,Bangalore,SME,Online,2025-06-17,Yes,High,40285.72,115,7.5,0.88449,7370.75,-32914.97,1.1429119605648452
61.0,208260.0,264469.04,536,7,Chennai,Retail,Branch,2025-03-25,No,High,35946.55,141,9.5,2.0826,17355.0,-18591.550000000003,1.2698983962354748
18.0,197927.0,58502.69,850,13,Pune,SME,Online,2025-07-06,Yes,Low,47241.17,131,7.1,1.97927,16493.916666666668,-30747.25333333333,0.29557710671106013
51.0,144863.0,143778.03,525,6,Chennai,Corporate,Agent,2024-05-25,Yes,High,29247.67,102,7.7,1.44863,12071.916666666666,-17175.753333333334,0.992510371868593
24.0,139914.0,224955.23,573,3,Hyderabad,SME,Agent,2022-11-21,No,Medium,47239.07,65,5.605416666666668,1.39914,11659.5,-35579.57,1.6078107265891906
32.0,53541.0,219915.36,642,3,Kolkata,Retail,Branch,2026-03-05,No,Medium,11377.64,72,3.0,0.53541,4461.75,-6915.889999999999,4.107419734409144
50.0,205225.0,62128.48,714,0,Delhi,Retail,Branch,2021-06-14,Yes,Low,36576.7,128,6.2,2.05225,17102.083333333332,-19474.616666666665,0.302733487635522
55.0,121347.0,45698.88,347,11,Delhi,Premium,Branch,2022-02-16,Yes,High,24625.17,5,5.605416666666668,1.21347,10112.25,-14512.919999999998,0.3765967020198274
27.0,167055.0,230438.45,367,10,Chennai,Corporate,Agent,2023-02-07,No,High,26452.16,4,1.6,1.67055,13921.25,-12530.91,1.379416659184101
63.0,100939.0,102163.45,368,9,Kolkata,SME,Mobile,2024-04-18,Yes,High,13116.66,34,1.3,1.00939,8411.583333333334,-4705.076666666666,1.012130593724923
45.0,53082.0,124444.54,561,9,Bangalore,Corporate,Branch,2023-04-09,Yes,Medium,22575.28,115,1.7,0.53082,4423.5,-18151.78,2.3443830300290114
51.0,246796.0,27958.84,533,12,Mumbai,Premium,Online,2024-05-26,Yes,High,9581.48,116,7.4,2.46796,20566.333333333332,10984.853333333333,0.11328724938815864
24.0,140359.0,34710.4,524,8,Mumbai,Corporate,Agent,2023-08-24,Yes,High,24760.52,61,3.7,1.40359,11696.583333333334,-13063.936666666666,0.24729728766947615
56.0,139914.0,255767.33,313,8,Bangalore,Retail,Branch,2023-08-24,No,High,34112.34,40,5.3,1.39914,11659.5,-22452.839999999997,1.8280324342095857
53.0,216775.0,73885.81,445,8,Mumbai,Retail,Mobile,2023-10-03,No,High,9825.54,87,3.4,2.16775,18064.583333333332,8239.043333333331,0.3408410102640987
41.0,162050.0,23567.35,723,8,Unknown,Retail,Online,2023-08-24,Yes,Low,19219.5,58,5.9,1.6205,13504.166666666666,-5715.333333333334,0.14543258253625424
56.0,86709.0,270811.65,704,8,Hyderabad,SME,Online,2023-01-29,Yes,Low,34883.08,119,6.5,0.86709,7225.75,-27657.33,3.1232242327786044
54.0,64901.0,49000.99,588,3,Pune,Corporate,Branch,2023-10-15,Yes,Medium,24625.17,17,9.3,0.64901,5408.416666666667,-19216.75333333333,0.755011324941064
70.0,197395.0,235529.31,515,6,Kolkata,Retail,Agent,2021-11-05,No,High,16879.97,115,6.3,1.97395,16449.583333333332,-430.38666666666904,1.1931878213733884
54.0,127471.0,265327.28,524,3,Mumbai,SME,Mobile,2022-05-09,Yes,High,38392.18,3,9.8,1.27471,10622.583333333334,-27769.596666666665,2.081471707290286
66.0,171964.0,73873.25,724,6,Delhi,SME,Mobile,2022-01-22,No,Low,9605.4,134,7.2,1.71964,14330.333333333334,4724.933333333334,0.42958555279011884
71.0,133899.0,151344.55801855895,309,4,Mumbai,Retail,Branch,2023-11-09,Yes,High,23999.03,139,4.3,1.33899,11158.25,-12840.779999999999,1.1302889343352747
47.0,236271.0,116961.71,554,14,Pune,Premium,Branch,2024-05-17,No,Medium,16820.75,12,9.4,2.36271,19689.25,2868.5,0.49503201831794846
25.0,94184.0,269778.11,782,14,Hyderabad,Retail,Agent,2023-02-18,Yes,Low,6504.58,148,4.3,0.94184,7848.666666666667,1344.086666666667,2.8643730357597894
47.0,89309.0,224817.14,570,5,Delhi,Corporate,Branch,2021-10-05,Yes,High,28656.53,88,2.8,0.89309,7442.416666666667,-21214.11333333333,2.5172954573447246
47.0,111206.0,248705.32,682,12,Hyderabad,Corporate,Branch,2024-01-04,Yes,Medium,34368.38,13,7.8,1.11206,9267.166666666666,-25101.213333333333,2.2364379619804686
35.0,181075.0,247133.43,366,10,Hyderabad,SME,Mobile,2021-03-06,Yes,High,34306.74,44,2.9,1.81075,15089.583333333334,-19217.156666666662,1.3648125362418886
49.0,219488.0,290882.32,709,9,Mumbai,Corporate,Mobile,2025-10-29,Yes,Low,12600.38,138,2.8,2.19488,18290.666666666668,5690.286666666669,1.3252766438256305
39.0,139914.0,296650.66,570,15,Bangalore,Corporate,Mobile,2024-05-07,Yes,High,18875.77,114,1.1,1.39914,11659.5,-7216.27,2.1202357162256815
40.0,191923.0,75839.53,760,4,Pune,SME,Agent,2021-09-12,No,Low,42597.42,26,5.9,1.91923,15993.583333333334,-26603.836666666662,0.39515602611463974
74.0,142886.0,234104.36,714,14,Pune,Corporate,Mobile,2021-09-24,Yes,Low,43707.23,33,9.6,1.42886,11907.166666666666,-31800.06333333334,1.6383995632882158
52.0,103222.0,151344.55801855895,574,13,Kolkata,SME,Online,2025-09-18,No,Medium,24625.17,88,4.3,1.03222,8601.833333333334,-16023.336666666664,1.4662044720946983
54.0,219812.0,100702.15,558,14,Unknown,SME,Branch,2023-05-28,Yes,Medium,4097.85,34,9.5,2.19812,18317.666666666668,14219.816666666668,0.45812853711353335
58.0,139914.0,258395.89,592,12,Pune,Premium,Mobile,2026-02-22,No,Medium,39929.15,24,4.5,1.39914,11659.5,-28269.65,1.846819403347771
39.0,86681.0,65782.19,573,15,Hyderabad,Premium,Mobile,2023-02-04,No,Medium,3158.01,149,1.9,0.86681,7223.416666666667,4065.4066666666668,0.7588997588860305
59.0,139914.0,53366.44,547,12,Mumbai,Retail,Branch,2025-09-29,Yes,High,44915.49,114,7.4,1.39914,11659.5,-33255.99,0.3814231599411067
74.0,158052.0,156733.24,839,7,Unknown,Premium,Agent,2025-03-18,Yes,Low,49916.19,61,9.9,1.58052,13171.0,-36745.19,0.9916561637941943
40.0,167635.0,234219.56,396,8,Hyderabad,Retail,Mobile,2022-11-10,No,High,2429.13,68,4.8,1.67635,13969.583333333334,11540.453333333335,1.3971996301488352
55.0,182817.0,149571.24,516,13,Chennai,Corporate,Online,2023-08-24,Yes,High,23802.63,95,9.6,1.82817,15234.75,-8567.880000000001,0.8181473276555243
69.0,90697.0,226120.22,513,0,Kolkata,Premium,Mobile,2023-08-24,Yes,High,20692.8,145,6.9,0.90697,7558.083333333333,-13134.716666666667,2.4931389130842256
26.0,53933.0,54155.47,558,11,Pune,Premium,Agent,2023-08-24,Yes,Medium,5334.48,110,3.4,0.53933,4494.416666666667,-840.0633333333326,1.0041249327869766
73.0,227043.0,104667.02,528,3,Chennai,Premium,Branch,2024-01-24,Yes,High,45786.48,148,3.0,2.27043,18920.25,-26866.230000000003,0.46100086767704795
30.0,244249.0,241753.36,338,8,Hyderabad,SME,Online,2024-04-11,No,High,711.95,69,1.3,2.44249,20354.083333333332,19642.13333333333,0.9897823941960867
34.0,31710.0,47887.47,399,1,Hyderabad,Corporate,Mobile,2023-05-19,Yes,High,41988.38,11,9.9,0.3171,2642.5,-39345.88,1.5101693472090822
22.0,230768.0,211137.69,603,6,Delhi,SME,Online,2024-06-05,Yes,Medium,33930.05,135,9.2,2.30768,19230.666666666668,-14699.383333333335,0.9149348696526381
31.0,56055.0,123559.42,387,10,Hyderabad,Corporate,Agent,2022-11-02,Yes,High,737.59,112,5.605416666666668,0.56055,4671.25,3933.66,2.2042533226295604
42.0,225321.0,210260.29,448,6,Bangalore,SME,Branch,2023-12-24,Yes,High,45777.44,120,8.9,2.25321,18776.75,-27000.690000000002,0.9331588711216443
31.0,130111.0,135034.96,786,14,Chennai,Corporate,Online,2023-08-28,Yes,Low,47041.59,93,9.3,1.30111,10842.583333333334,-36199.00666666666,1.0378443021727601
20.0,150926.0,131515.49,686,6,Delhi,Corporate,Agent,2023-07-24,No,Medium,48709.81,83,5.5,1.50926,12577.166666666666,-36132.64333333333,0.8713905490107734
68.0,132539.0,151344.55801855895,383,0,Bangalore,Premium,Agent,2021-02-22,Yes,High,12238.01,146,3.5,1.32539,11044.916666666666,-1193.0933333333342,1.141886976803499
41.0,240938.0,95478.61,316,11,Kolkata,Corporate,Mobile,2024-11-05,No,High,14875.34,103,5.605416666666668,2.40938,20078.166666666668,5202.826666666668,0.39627875221011216
65.0,182361.0,248014.4,372,1,Pune,Premium,Agent,2023-08-27,Yes,High,5931.33,75,8.3,1.82361,15196.75,9265.42,1.360018863682476
32.0,158669.0,181644.38,514,10,Pune,SME,Online,2025-03-01,Yes,High,9765.34,109,9.7,1.58669,13222.416666666666,3457.076666666666,1.144800685704202
52.0,183670.0,168027.51,508,6,Kolkata,Corporate,Branch,2024-01-04,Yes,High,13938.47,115,8.3,1.8367,15305.833333333334,1367.3633333333346,0.9148337235258889
43.0,212921.0,62181.89,478,3,Delhi,SME,Mobile,2024-06-20,No,High,12247.05,135,7.7,2.12921,17743.416666666668,5496.366666666669,0.29204207194217574
55.0,160044.0,264677.57,552,14,Mumbai,Corporate,Agent,2024-02-24,Yes,Medium,24625.17,1,6.2,1.60044,13337.0,-11288.169999999998,1.6537800229936768
71.0,162469.0,71996.81,463,11,Hyderabad,Premium,Branch,2024-12-24,No,High,39577.2,147,8.0,1.62469,13539.083333333334,-26038.11666666666,0.4431418301337486
23.0,27719.0,255552.37,715,11,Chennai,SME,Online,2024-12-13,No,Low,10134.17,24,7.9,0.27719,2309.9166666666665,-7824.253333333334,9.219393556766116
34.0,51170.0,220171.61,405,13,Delhi,Retail,Agent,2024-07-10,No,High,29081.26,86,8.0,0.5117,4264.166666666667,-24817.09333333333,4.302747899159663
61.0,159092.0,151344.55801855895,318,2,Pune,Premium,Online,2022-03-28,No,High,21183.88,115,1.3,1.59092,13257.666666666666,-7926.213333333335,0.9513021271877841
31.0,93056.0,120832.75,828,5,Pune,Premium,Branch,2021-11-02,Yes,Low,40658.8,149,5.7,0.93056,7754.666666666667,-32904.13333333334,1.2984949922627236
65.0,137340.0,200060.0,414,2,Bangalore,Retail,Branch,2023-09-22,Yes,High,27127.19,119,9.6,1.3734,11445.0,-15682.189999999999,1.4566768603465852
63.0,179553.0,232071.63,846,8,Pune,SME,Online,2024-11-19,Yes,Low,6601.15,70,5.6,1.79553,14962.75,8361.6,1.292496533057092
49.0,89324.0,213040.63,349,10,Hyderabad,Corporate,Agent,2021-05-21,Yes,High,10915.81,23,5.1,0.89324,7443.666666666667,-3472.1433333333325,2.3850323541265506
56.0,139914.0,245027.08,669,14,Mumbai,Retail,Mobile,2023-01-12,No,Medium,7567.85,112,2.9,1.39914,11659.5,4091.6499999999996,1.7512692082279113
37.0,179091.0,268335.77,384,10,Hyderabad,Premium,Mobile,2023-06-10,No,High,15376.07,66,10.0,1.79091,14924.25,-451.8199999999997,1.4983207978067017
50.0,165146.0,282763.78,499,5,Unknown,SME,Branch,2024-03-31,No,High,2310.21,136,1.9,1.65146,13762.166666666666,11451.956666666665,1.7122048369321692
51.0,208233.0,61249.97,621,0,Bangalore,Corporate,Online,2025-01-23,Yes,Medium,11396.41,133,9.6,2.08233,17352.75,5956.34,0.2941415145534089
53.0,139914.0,238872.18,454,2,Chennai,SME,Online,2024-02-02,Yes,High,31705.88,77,4.5,1.39914,11659.5,-20046.38,1.7072786140057463
18.0,170788.0,98265.65,450,4,Hyderabad,Premium,Online,2022-11-01,No,High,41334.45,146,7.5,1.70788,14232.333333333334,-27102.11666666666,0.5753662435299903
54.0,95553.0,151344.55801855895,509,9,Hyderabad,SME,Mobile,2021-08-21,Yes,High,4740.38,76,9.3,0.95553,7962.75,3222.37,1.5838807574702936
74.0,89429.0,153876.65,822,15,Kolkata,Retail,Online,2025-04-12,Yes,Low,1412.49,137,5.5,0.89429,7452.416666666667,6039.926666666667,1.7206571693745876
66.0,139914.0,297531.86,626,14,Chennai,Retail,Mobile,2024-05-01,Yes,Medium,28134.69,129,5.6,1.39914,11659.5,-16475.19,2.1265338708063526
47.0,152734.0,240404.4,427,11,Mumbai,SME,Mobile,2024-02-13,Yes,High,24625.17,20,6.8,1.52734,12727.833333333334,-11897.336666666664,1.5740070973064282
59.0,182087.0,140090.4,675,10,Chennai,SME,Branch,2021-09-28,Yes,Medium,3446.55,135,6.6,1.82087,15173.916666666666,11727.366666666665,0.7693597016810645
28.0,207684.0,282125.76,785,15,Delhi,SME,Branch,2022-08-03,Yes,Low,20511.0,29,6.4,2.07684,17307.0,-3204.0,1.3584376263939446
35.0,73781.0,217276.36,390,15,Pune,Corporate,Online,2021-08-27,Yes,High,49241.93,88,7.7,0.73781,6148.416666666667,-43093.513333333336,2.9448822867675957
58.0,217860.0,9237.01,434,6,Kolkata,Premium,Mobile,2024-07-04,Yes,High,30467.32,65,5.605416666666668,2.1786,18155.0,-12312.32,0.04239883411365097
73.0,139914.0,184928.45,320,12,Chennai,SME,Mobile,2024-07-02,No,High,49326.73,21,4.3,1.39914,11659.5,-37667.23,1.3217294195005505
47.0,180336.0,193470.87,805,4,Kolkata,Premium,Mobile,2024-01-21,Yes,Low,39257.74,120,2.0,1.80336,15028.0,-24229.739999999998,1.0728355403247272
70.0,150576.0,57974.82,552,0,Pune,Corporate,Online,2025-06-25,No,Medium,10938.45,115,9.9,1.50576,12548.0,1609.5499999999993,0.38502032196365954
47.0,234717.0,151344.55801855895,339,9,Bangalore,Premium,Mobile,2025-04-16,Yes,High,3083.16,48,9.1,2.34717,19559.75,16476.59,0.6447958947096246
26.0,207828.0,51554.54,397,7,Delhi,Premium,Agent,2025-07-11,No,High,30916.81,86,5.1,2.07828,17319.0,-13597.810000000001,0.24806349481301845
46.0,178812.0,179931.39,467,11,Kolkata,SME,Agent,2025-08-25,No,High,27281.0,135,8.7,1.78812,14901.0,-12380.0,1.0062601503254816
47.0,201037.0,281213.53,801,11,Pune,Corporate,Online,2024-05-03,Yes,Low,26302.9,76,8.9,2.01037,16753.083333333332,-9549.81666666667,1.39881479528644
53.0,74138.0,64815.41,519,2,Pune,SME,Agent,2025-12-19,Yes,High,10448.21,19,4.2,0.74138,6178.166666666667,-4270.043333333332,0.8742535541827403
47.0,122768.0,151344.55801855895,365,7,Chennai,SME,Mobile,2023-03-29,Yes,High,48616.08,52,1.5,1.22768,10230.666666666666,-38385.41333333334,1.2327687835474956
32.0,51832.0,281668.49,623,11,Pune,Corporate,Mobile,2023-08-18,Yes,Medium,7689.03,139,5.0,0.51832,4319.333333333333,-3369.6966666666667,5.43425856613675
47.0,139914.0,33018.99,354,13,Kolkata,Corporate,Mobile,2021-09-02,Yes,High,6517.05,98,7.9,1.39914,11659.5,5142.45,0.23599489686521719
29.0,66971.0,136320.95,398,8,Pune,SME,Agent,2021-10-21,Yes,High,24537.61,137,3.9,0.66971,5580.916666666667,-18956.693333333333,2.0355220916516106
38.0,209816.0,164802.79,513,14,Mumbai,Corporate,Branch,2026-02-27,Yes,High,44435.66,125,9.8,2.09816,17484.666666666668,-26950.993333333336,0.7854634060319519
47.0,199023.0,132172.06,813,3,Bangalore,Premium,Mobile,2022-05-09,No,Low,26044.52,123,2.6,1.99023,16585.25,-9459.27,0.6641044502394196
67.0,139914.0,202686.39,325,3,Chennai,Premium,Mobile,2025-06-13,No,High,46984.52,54,5.605416666666668,1.39914,11659.5,-35325.02,1.448649813456838
74.0,36303.0,164875.1,416,1,Mumbai,Retail,Branch,2022-07-24,No,High,24807.86,1,9.9,0.36303,3025.25,-21782.61,4.541638432085502
51.0,205913.0,84264.59,398,11,Kolkata,Corporate,Online,2025-04-20,No,High,33874.71,126,5.605416666666668,2.05913,17159.416666666668,-16715.29333333333,0.4092242354780902
63.0,95326.0,165620.81,443,6,Chennai,Retail,Mobile,2025-11-26,Yes,High,13422.81,112,7.7,0.95326,7943.833333333333,-5478.9766666666665,1.7374148710739987
43.0,159153.0,291070.6,351,4,Pune,Premium,Mobile,2026-02-04,Yes,High,11213.93,33,4.3,1.59153,13262.75,2048.8199999999997,1.8288728456265353
20.0,193280.0,67467.07,701,15,Delhi,SME,Online,2021-03-27,Yes,Low,21634.83,70,6.5,1.9328,16106.666666666666,-5528.163333333336,0.3490638969370861
21.0,103249.0,20215.37,564,10,Delhi,Corporate,Agent,2024-03-28,No,Medium,6074.05,90,2.4,1.03249,8604.083333333334,2530.0333333333338,0.19579240476905344
71.0,199427.0,244730.82,845,10,Unknown,Retail,Agent,2021-08-10,Yes,Low,43301.55,12,1.4,1.99427,16618.916666666668,-26682.633333333335,1.2271699418834963
18.0,50122.0,271429.9,785,11,Unknown,Retail,Branch,2025-09-20,No,Low,8844.17,49,3.1,0.50122,4176.833333333333,-4667.336666666667,5.415384461912933
32.0,141219.0,269636.37,646,13,Pune,Premium,Branch,2021-07-07,Yes,Medium,17900.64,113,1.5,1.41219,11768.25,-6132.389999999999,1.9093490960848045
32.0,139914.0,284550.88,567,14,Chennai,Retail,Agent,2025-09-09,Yes,Medium,44019.65,116,5.6,1.39914,11659.5,-32360.15,2.033755592721243
47.0,206801.0,185803.04,358,12,Mumbai,Corporate,Online,2023-08-24,No,High,47576.13,81,8.0,2.06801,17233.416666666668,-30342.71333333333,0.8984629668135068
70.0,119848.0,218913.57,688,9,Pune,Premium,Mobile,2023-07-25,Yes,Medium,39373.92,67,6.4,1.19848,9987.333333333334,-29386.586666666662,1.8265934350176891
71.0,149982.0,100082.04,819,5,Pune,Corporate,Branch,2023-09-20,Yes,Low,10638.65,1,2.9,1.49982,12498.5,1859.8500000000004,0.6672936752410289
75.0,151267.0,215528.77,689,13,Unknown,Corporate,Mobile,2024-01-22,Yes,Medium,24625.17,43,1.0,1.51267,12605.583333333334,-12019.586666666664,1.4248234578592818
73.0,139914.0,171348.69,377,0,Mumbai,Premium,Agent,2023-08-24,No,High,31246.1,79,8.0,1.39914,11659.5,-19586.6,1.224671512500536
67.0,32345.0,203759.75,667,2,Delhi,Premium,Agent,2026-02-08,Yes,Medium,43886.04,80,7.0,0.32345,2695.4166666666665,-41190.62333333334,6.299574895656207
62.0,139914.0,83967.8,634,13,Chennai,Premium,Online,2025-10-14,Yes,Medium,7390.23,55,5.5,1.39914,11659.5,4269.27,0.6001386566033421
25.0,92695.0,147229.5,558,3,Kolkata,SME,Branch,2022-09-22,Yes,Medium,18142.68,131,4.2,0.92695,7724.583333333333,-10418.096666666668,1.5883219159609472
38.0,150541.0,178440.96,696,6,Delhi,Corporate,Mobile,2024-01-28,Yes,Medium,35242.19,141,8.1,1.50541,12545.083333333334,-22697.106666666667,1.1853313050929646
29.0,220229.0,92650.33,393,5,Hyderabad,Retail,Branch,2023-08-24,Yes,High,13634.45,115,3.1,2.20229,18352.416666666668,4717.966666666667,0.42069995323050097
36.0,104141.0,242482.63,595,4,Delhi,SME,Agent,2021-07-09,Yes,Medium,12893.47,117,4.8,1.04141,8678.416666666666,-4215.053333333333,2.3284069674767864
68.0,168996.0,66026.6,348,11,Chennai,Retail,Online,2024-07-16,No,High,34536.27,14,4.5,1.68996,14083.0,-20453.269999999997,0.39069918814646504
48.0,40282.0,149691.34,728,13,Mumbai,SME,Branch,2021-07-23,Yes,Low,36888.23,130,3.1,0.40282,3356.8333333333335,-33531.39666666667,3.716085100044685
50.0,228613.0,12902.09,682,10,Delhi,Retail,Mobile,2023-04-13,Yes,High,3677.68,109,1.1,2.28613,19051.083333333332,15373.403333333332,0.05643637938349963
65.0,187005.0,282952.45,656,4,Hyderabad,SME,Online,2021-04-25,Yes,Medium,43538.23,82,8.1,1.87005,15583.75,-27954.480000000003,1.5130742493516216
69.0,157663.0,151344.55801855895,460,11,Unknown,SME,Mobile,2022-11-28,No,High,44615.86,87,5.9,1.57663,13138.583333333334,-31477.276666666665,0.9599243831371911
53.0,106835.0,163674.64,577,13,Hyderabad,SME,Branch,2023-08-24,Yes,Medium,42214.6,57,2.0,1.06835,8902.916666666666,-33311.683333333334,1.5320320119810924
43.0,48411.0,97746.94,738,7,Kolkata,Corporate,Online,2021-07-06,Yes,Low,18650.03,62,2.0,0.48411,4034.25,-14615.779999999999,2.0191059883084423
57.0,221713.0,47587.24,394,8,Bangalore,Retail,Mobile,2021-05-19,No,High,30849.54,118,8.1,2.21713,18476.083333333332,-12373.456666666669,0.2146344147614258
71.0,136562.0,83531.82,766,0,Pune,Premium,Mobile,2021-07-21,Yes,Low,21575.2,109,3.2,1.36562,11380.166666666666,-10195.033333333335,0.6116768940115113
47.0,139914.0,174662.63,570,8,Bangalore,Retail,Branch,2023-04-07,Yes,Medium,21646.55,24,9.1,1.39914,11659.5,-9987.05,1.2483570621953486
74.0,125311.0,282314.48,682,14,Kolkata,Premium,Mobile,2022-10-22,Yes,Medium,6395.45,105,8.1,1.25311,10442.583333333334,4047.133333333334,2.2529105984311033
30.0,93388.0,277656.66,439,0,Chennai,Premium,Mobile,2022-04-06,No,High,24625.17,143,9.3,0.93388,7782.333333333333,-16842.836666666666,2.9731513684841735
23.0,241192.0,18565.71,570,1,Mumbai,Premium,Agent,2024-03-05,Yes,Low,41662.69,47,4.1,2.41192,20099.333333333332,-21563.35666666667,0.07697481674350724
39.0,215632.0,51430.25,316,7,Hyderabad,Premium,Mobile,2022-02-02,Yes,High,16765.31,19,2.3,2.15632,17969.333333333332,1204.0233333333308,0.23850935853676633
70.0,163440.0,151344.55801855895,445,0,Pune,Corporate,Branch,2021-05-11,Yes,High,4326.03,4,5.6,1.6344,13620.0,9293.970000000001,0.9259946036377812
58.0,82056.0,170427.75,302,12,Hyderabad,Corporate,Online,2024-04-11,Yes,High,5166.66,59,5.605416666666668,0.82056,6838.0,1671.3400000000001,2.0769687774202983
39.0,245094.0,21267.47,637,1,Hyderabad,Retail,Online,2023-04-17,Yes,Medium,17450.42,19,1.3,2.45094,20424.5,2974.0800000000017,0.08677270761422148
50.0,98445.0,277356.74,652,12,Pune,Retail,Online,2024-04-17,Yes,Medium,27972.95,76,5.5,0.98445,8203.75,-19769.2,2.817377622022449
53.0,218510.0,231690.3,317,3,Pune,SME,Online,2021-10-30,No,High,41470.13,144,5.6,2.1851,18209.166666666668,-23260.96333333333,1.0603189785364513
52.0,148629.0,142790.32,482,9,Mumbai,Premium,Branch,2023-07-08,Yes,High,22832.62,64,3.1,1.48629,12385.75,-10446.869999999999,0.9607164146969973
37.0,176094.0,151344.55801855895,846,8,Kolkata,Retail,Agent,2024-04-01,Yes,Low,41123.43,105,9.2,1.76094,14674.5,-26448.93,0.8594532353093175
33.0,81503.0,241425.94,481,12,Kolkata,Premium,Online,2022-05-30,No,High,38234.78,46,3.7,0.81503,6791.916666666667,-31442.86333333333,2.9621724353704773
69.0,222621.0,71125.41,792,0,Chennai,Corporate,Online,2024-10-12,Yes,Low,46059.3,39,8.0,2.22621,18551.75,-27507.550000000003,0.31949101836753946
33.0,227724.0,151344.55801855895,368,10,Kolkata,Premium,Online,2025-12-10,Yes,High,9046.5,142,8.1,2.27724,18977.0,9930.5,0.6645964326050787
46.0,209403.0,204226.77,425,2,Delhi,SME,Mobile,2023-12-20,Yes,High,24426.04,105,3.7,2.09403,17450.25,-6975.790000000001,0.9752810131660005
44.0,166330.0,151344.55801855895,813,12,Kolkata,Premium,Agent,2021-08-26,Yes,Low,30836.31,117,9.7,1.6633,13860.833333333334,-16975.47666666667,0.9099053569323571
72.0,51201.0,256839.75,413,10,Mumbai,Corporate,Mobile,2024-12-15,Yes,High,5946.05,113,1.2,0.51201,4266.75,-1679.3000000000002,5.016303392511865
54.0,170544.0,26696.91,741,5,Pune,Retail,Agent,2024-12-01,Yes,Low,24625.17,8,4.4,1.70544,14212.0,-10413.169999999998,0.15653971995496763
21.0,102794.0,282715.04,461,5,Mumbai,SME,Online,2023-08-24,No,High,24625.17,25,8.1,1.02794,8566.166666666666,-16059.003333333332,2.7503068272467264
69.0,237977.0,275037.51,824,5,Pune,SME,Mobile,2024-07-16,Yes,Low,7155.62,67,7.6,2.37977,19831.416666666668,12675.796666666669,1.1557314782521
59.0,177999.0,294496.0,397,3,Delhi,SME,Online,2022-10-10,Yes,High,7473.81,78,5.7,1.77999,14833.25,7359.44,1.6544812049505897
47.0,62384.0,235458.55,707,5,Mumbai,Premium,Branch,2025-05-29,Yes,Low,17526.05,32,7.7,0.62384,5198.666666666667,-12327.383333333331,3.7743419787124903
51.0,139914.0,403.88,754,0,Kolkata,SME,Agent,2024-04-12,No,High,24625.17,87,6.2,1.39914,11659.5,-12965.669999999998,0.0028866303586488843
27.0,129648.0,198342.2,378,14,Bangalore,Corporate,Branch,2022-04-24,Yes,High,7176.3,3,2.5,1.29648,10804.0,3627.7,1.5298515981735161
37.0,210378.0,151344.55801855895,797,7,Chennai,SME,Mobile,2021-01-31,Yes,Low,5082.52,98,8.3,2.10378,17531.5,12448.98,0.7193934632830379
22.0,139914.0,119084.39,587,14,Delhi,Corporate,Branch,2024-04-13,Yes,Medium,26150.15,42,6.2,1.39914,11659.5,-14490.650000000001,0.8511256200237288
43.0,38428.0,278206.55,657,7,Kolkata,Corporate,Branch,2022-06-01,No,Medium,28094.99,16,2.7,0.38428,3202.3333333333335,-24892.65666666667,7.239683303840949
47.0,204830.0,151344.55801855895,810,12,Bangalore,Corporate,Agent,2025-04-15,Yes,Low,5139.38,10,4.4,2.0483,17069.166666666668,11929.786666666667,0.7388788654911826
69.0,47042.0,272082.84,727,11,Kolkata,Retail,Branch,2021-11-24,Yes,Low,23209.03,28,8.1,0.47042,3920.1666666666665,-19288.86333333333,5.783828068534501
48.0,172992.0,34285.73,477,14,Mumbai,Premium,Agent,2021-06-17,No,High,2094.66,61,2.5,1.72992,14416.0,12321.34,0.1981925753792083
23.0,57371.0,174304.53,404,3,Hyderabad,Corporate,Mobile,2025-10-08,No,High,21356.32,37,7.3,0.57371,4780.916666666667,-16575.403333333332,3.038199264436736
75.0,158623.0,275082.61,311,11,Mumbai,Retail,Branch,2026-01-20,Yes,High,14962.75,70,7.8,1.58623,13218.583333333334,-1744.166666666666,1.7341911954760658
68.0,163563.0,151344.55801855895,605,10,Hyderabad,SME,Online,2025-09-23,No,Medium,45631.84,112,8.9,1.63563,13630.25,-32001.589999999997,0.9252982521631357
29.0,84321.0,246992.83,781,0,Chennai,Premium,Agent,2023-09-13,Yes,Low,36080.06,76,5.6,0.84321,7026.75,-29053.309999999998,2.929197115783731
21.0,139914.0,94447.75,609,13,Hyderabad,SME,Agent,2021-12-07,No,Medium,23083.88,25,9.1,1.39914,11659.5,-11424.380000000001,0.6750414540360508
22.0,30704.0,76592.72,791,15,Chennai,Corporate,Agent,2025-12-16,No,Low,24625.17,52,4.0,0.30704,2558.6666666666665,-22066.50333333333,2.494551849921834
32.0,140005.0,77008.27,454,14,Kolkata,SME,Agent,2025-04-04,Yes,High,21658.8,79,1.4,1.40005,11667.083333333334,-9991.716666666665,0.5500394271633157
40.0,34847.0,202304.69,787,13,Mumbai,Corporate,Mobile,2023-01-27,Yes,Low,29637.86,19,7.8,0.34847,2903.9166666666665,-26733.943333333333,5.805512382701524
22.0,58997.0,231926.71,763,0,Hyderabad,SME,Branch,2022-07-12,Yes,Low,27512.3,11,6.8,0.58997,4916.416666666667,-22595.88333333333,3.9311610759869144
49.0,222507.0,151344.55801855895,733,11,Mumbai,Premium,Branch,2023-06-02,Yes,Low,37951.4,134,4.5,2.22507,18542.25,-19409.15,0.6801788618720263
48.0,139914.0,181843.97,552,9,Mumbai,Retail,Online,2021-04-27,Yes,Medium,37400.62,85,1.4,1.39914,11659.5,-25741.120000000003,1.2996838772388752
59.0,176054.0,90734.24,609,11,Kolkata,Corporate,Online,2023-08-24,Yes,Medium,801.33,90,8.5,1.76054,14671.166666666666,13869.836666666666,0.515377327410908
26.0,139914.0,144464.8,734,14,Hyderabad,SME,Mobile,2021-11-27,Yes,Low,47644.82,102,5.9,1.39914,11659.5,-35985.32,1.0325256943551038
56.0,143516.0,263848.97,834,5,Hyderabad,Corporate,Mobile,2022-04-30,No,Low,23023.05,28,7.7,1.43516,11959.666666666666,-11063.383333333333,1.8384637949775633
64.0,145987.0,295552.37,712,6,Delhi,SME,Mobile,2025-07-10,No,Low,20242.41,84,3.2,1.45987,12165.583333333334,-8076.826666666666,2.0245115660983513
74.0,159461.0,38978.98,607,12,Pune,Corporate,Online,2022-05-13,Yes,Medium,6526.72,137,8.6,1.59461,13288.416666666666,6761.696666666666,0.24444208928828995
68.0,202876.0,91815.44,402,2,Mumbai,SME,Agent,2024-11-06,No,High,12901.95,106,4.2,2.02876,16906.333333333332,4004.3833333333314,0.45256925412567284
49.0,94298.0,72669.37,341,2,Mumbai,SME,Branch,2023-08-24,Yes,High,49324.61,40,9.4,0.94298,7858.166666666667,-41466.443333333336,0.7706353263059661
54.0,217699.0,280551.63,483,1,Pune,SME,Agent,2023-08-24,Yes,High,19218.66,105,5.9,2.17699,18141.583333333332,-1077.0766666666677,1.2887134529786541
44.0,139914.0,174425.13,454,6,Chennai,Corporate,Branch,2025-06-02,Yes,High,16247.56,133,2.4,1.39914,11659.5,-4588.0599999999995,1.2466595908915477
61.0,178606.0,159747.81,802,6,Unknown,Corporate,Online,2023-08-24,Yes,Low,911.09,137,6.3,1.78606,14883.833333333334,13972.743333333334,0.8944145773378274
38.0,228038.0,246179.63,656,9,Mumbai,Premium,Mobile,2024-10-03,Yes,Medium,48767.54,29,9.0,2.28038,19003.166666666668,-29764.373333333333,1.0795552934160095
46.0,37109.0,97747.04,736,8,Bangalore,Corporate,Branch,2023-08-24,Yes,Low,24625.17,47,3.4,0.37109,3092.4166666666665,-21532.75333333333,2.6340521167371795
49.0,98869.0,12589.22,614,8,Hyderabad,Premium,Agent,2024-08-26,Yes,High,44477.37,42,1.1,0.98869,8239.083333333334,-36238.28666666667,0.12733232863688315
34.0,101229.0,151344.55801855895,820,12,Hyderabad,SME,Agent,2024-10-14,Yes,Low,26436.72,93,2.1,1.01229,8435.75,-18000.97,1.4950711556822547
36.0,25781.0,151344.55801855895,763,11,Pune,SME,Agent,2023-04-24,No,Low,44297.75,56,7.6,0.25781,2148.4166666666665,-42149.333333333336,5.870391296635466
73.0,153803.0,35662.32,811,5,Kolkata,Corporate,Agent,2021-08-25,Yes,Low,11066.35,7,3.6,1.53803,12816.916666666666,1750.5666666666657,0.23187011956853898
34.0,84042.0,150213.28,837,15,Hyderabad,SME,Agent,2021-08-24,Yes,Low,39625.55,133,7.7,0.84042,7003.5,-32622.050000000003,1.78735965350658
37.0,241184.0,151344.55801855895,431,6,Pune,Premium,Mobile,2023-11-03,Yes,High,15649.93,106,5.605416666666668,2.41184,20098.666666666668,4448.736666666668,0.6275066257237584
42.0,106557.0,195627.92,721,3,Kolkata,SME,Agent,2024-02-16,No,Low,1455.57,122,5.1,1.06557,8879.75,7424.18,1.8358992839513126
18.0,204017.0,288678.43,696,9,Unknown,SME,Mobile,2023-08-24,No,Medium,9187.82,13,5.7,2.04017,17001.416666666668,7813.596666666668,1.4149724287681908
41.0,104530.0,90575.01,784,10,Delhi,Premium,Branch,2023-07-28,Yes,Low,45235.42,18,2.4,1.0453,8710.833333333334,-36524.58666666666,0.8664977518415765
39.0,240814.0,126001.22,530,15,Bangalore,Corporate,Mobile,2024-03-17,No,High,40331.25,58,1.1,2.40814,20067.833333333332,-20263.416666666668,0.5232304600230884
48.0,177747.0,280498.33,391,10,Mumbai,Retail,Agent,2026-01-23,No,High,46347.6,120,3.8,1.77747,14812.25,-31535.35,1.578076310711292
54.0,46727.0,151344.55801855895,570,0,Delhi,Retail,Agent,2024-01-21,No,High,5527.82,125,5.605416666666668,0.46727,3893.9166666666665,-1633.9033333333332,3.2389102236085976
47.0,105102.0,83824.77,835,8,Mumbai,SME,Branch,2021-10-19,Yes,Low,9851.24,18,5.605416666666668,1.05102,8758.5,-1092.7399999999998,0.7975563738083006
34.0,225696.0,277276.28,655,13,Mumbai,Corporate,Online,2025-10-18,Yes,Medium,24625.17,124,3.1,2.25696,18808.0,-5817.169999999998,1.2285387423791296
51.0,77756.0,145317.36,692,11,Delhi,Corporate,Online,2024-10-20,Yes,Medium,39461.51,138,2.0,0.77756,6479.666666666667,-32981.84333333334,1.8688893461597818
40.0,80718.0,194470.77,783,1,Hyderabad,SME,Mobile,2021-06-14,Yes,Low,15969.02,76,5.2,0.80718,6726.5,-9242.52,2.4092615030104807
40.0,43133.0,74850.92,765,3,Pune,SME,Online,2022-05-16,Yes,Low,15207.3,129,4.3,0.43133,3594.4166666666665,-11612.883333333333,1.7353515869519858
47.0,158663.0,26974.87,773,4,Chennai,Retail,Mobile,2025-05-08,Yes,Low,5127.87,94,9.8,1.58663,13221.916666666666,8094.046666666666,0.17001361375998184
18.0,60946.0,164057.89,781,11,Pune,Retail,Agent,2022-06-28,Yes,Low,11281.06,1,8.6,0.60946,5078.833333333333,-6202.2266666666665,2.6918565615462873
47.0,54301.0,151344.55801855895,605,12,Hyderabad,Corporate,Online,2024-01-12,Yes,Medium,22104.2,67,8.5,0.54301,4525.083333333333,-17579.11666666667,2.7871412684583885
60.0,179983.0,90743.71,767,7,Kolkata,Retail,Agent,2023-06-26,Yes,Low,19106.26,6,4.4,1.79983,14998.583333333334,-4107.6766666666645,0.5041793391598096
57.0,139914.0,250377.29,424,15,Kolkata,SME,Agent,2021-03-17,Yes,High,18079.09,54,9.3,1.39914,11659.5,-6419.59,1.7895084837828952
26.0,180930.0,52273.02,439,2,Chennai,Retail,Mobile,2021-06-16,Yes,High,36661.86,70,7.9,1.8093,15077.5,-21584.36,0.2889129497595755
56.0,43351.0,244030.34,497,11,Kolkata,Premium,Mobile,2022-04-29,No,High,34598.89,49,8.6,0.43351,3612.5833333333335,-30986.306666666667,5.629174413508339
36.0,45581.0,30282.36,520,9,Hyderabad,Premium,Online,2024-09-13,Yes,High,24625.17,57,7.5,0.45581,3798.4166666666665,-20826.75333333333,0.6643636602970536
47.0,229688.0,288347.82,348,0,Chennai,Premium,Online,2023-04-13,Yes,High,40713.92,90,5.8,2.29688,19140.666666666668,-21573.25333333333,1.255389136567866
69.0,227056.0,154010.46,844,0,Chennai,SME,Agent,2021-12-02,No,Low,13654.45,97,6.8,2.27056,18921.333333333332,5266.883333333331,0.6782928440560918
75.0,30109.0,102534.72,630,4,Kolkata,Premium,Agent,2023-01-14,Yes,Medium,10750.7,101,1.9,0.30109,2509.0833333333335,-8241.616666666667,3.405450861868544
75.0,138132.0,217303.32,773,14,Pune,SME,Online,2021-11-10,Yes,Low,25879.8,48,3.9,1.38132,11511.0,-14368.8,1.5731569802797325
43.0,153563.0,18942.09,450,14,Bangalore,Retail,Online,2023-08-24,Yes,High,48065.41,111,2.2,1.53563,12796.916666666666,-35268.49333333334,0.12335061180101978
40.0,136672.0,83429.85,596,1,Chennai,Retail,Branch,2023-09-27,Yes,Medium,12456.37,102,7.4,1.36672,11389.333333333334,-1067.0366666666669,0.6104384950831188
18.0,54118.0,209008.53,635,15,Delhi,Corporate,Branch,2021-06-11,No,Medium,39230.86,30,3.4,0.54118,4509.833333333333,-34721.026666666665,3.862088953767693
50.0,166877.0,235692.93,595,15,Bangalore,SME,Agent,2023-06-19,No,Medium,47686.12,143,7.5,1.66877,13906.416666666666,-33779.70333333334,1.4123751625448684
33.0,126376.0,168997.39,593,10,Delhi,Retail,Online,2023-08-24,Yes,Medium,27776.05,61,5.1,1.26376,10531.333333333334,-17244.716666666667,1.3372585775780212
52.0,45049.0,151344.55801855895,572,3,Chennai,Premium,Branch,2025-07-13,No,Medium,4544.35,141,4.1,0.45049,3754.0833333333335,-790.2666666666669,3.3595542191515673
28.0,247670.0,151344.55801855895,657,12,Unknown,Corporate,Agent,2021-12-22,Yes,Medium,23616.08,108,2.9,2.4767,20639.166666666668,-2976.913333333334,0.6110734365024385
63.0,33770.0,18331.4,699,15,Chennai,Corporate,Online,2023-06-28,Yes,Medium,47957.79,67,5.7,0.3377,2814.1666666666665,-45143.62333333334,0.5428309150133255
26.0,193757.0,226078.39,503,12,Hyderabad,Retail,Agent,2022-03-10,Yes,High,25701.13,76,2.5,1.93757,16146.416666666666,-9554.713333333335,1.16681405058914
61.0,118471.0,236822.83,326,4,Mumbai,SME,Branch,2023-08-24,Yes,High,23826.91,113,2.3,1.18471,9872.583333333334,-13954.326666666666,1.9989940998218971
31.0,99553.0,273040.39,711,5,Hyderabad,Retail,Agent,2024-07-11,No,Low,7446.01,11,1.3,0.99553,8296.083333333334,850.0733333333337,2.7426636063202516
66.0,98861.0,151344.55801855895,463,13,Pune,SME,Online,2024-10-22,No,High,19673.0,1,1.1,0.98861,8238.416666666666,-11434.583333333334,1.5308823299234173
50.0,89288.0,209326.88,781,13,Pune,Retail,Mobile,2023-08-24,Yes,Low,16406.94,107,2.4,0.89288,7440.666666666667,-8966.27333333333,2.344401039333393
26.0,111231.0,193828.85,434,1,Delhi,Premium,Agent,2021-07-09,Yes,High,17552.84,67,2.0,1.11231,9269.25,-8283.59,1.7425794068200413
23.0,51431.0,132367.11,743,5,Bangalore,SME,Agent,2025-04-24,No,Low,15765.53,61,6.8,0.51431,4285.916666666667,-11479.613333333335,2.57368338161809
34.0,147775.0,132675.68,405,2,Mumbai,Corporate,Agent,2021-11-20,Yes,High,30038.57,67,4.8,1.47775,12314.583333333334,-17723.986666666664,0.8978222297411605
72.0,139914.0,151344.55801855895,728,3,Delhi,Corporate,Online,2021-04-22,Yes,Low,37513.42,95,6.7,1.39914,11659.5,-25853.92,1.0816970283070955
72.0,36653.0,34806.8,482,0,Mumbai,Premium,Agent,2022-12-27,Yes,High,41209.9,34,4.1,0.36653,3054.4166666666665,-38155.48333333334,0.9496303167544268
44.0,205887.0,170539.47,778,15,Bangalore,Premium,Agent,2025-04-07,Yes,Low,22759.64,44,3.1,2.05887,17157.25,-5602.389999999999,0.8283158722988824
21.0,28726.0,3027.18,344,14,Hyderabad,Corporate,Online,2025-06-01,No,High,39059.93,9,8.6,0.28726,2393.8333333333335,-36666.096666666665,0.10538118777414189
57.0,109246.0,141285.02,416,5,Bangalore,SME,Mobile,2023-03-25,No,High,13640.92,30,6.9,1.09246,9103.833333333334,-4537.086666666666,1.293274078684803
35.0,181104.0,54516.99,664,10,Kolkata,SME,Online,2023-08-24,No,Medium,24442.18,58,5.3,1.81104,15092.0,-9350.18,0.3010258746355685
72.0,111205.0,273063.91,828,10,Delhi,SME,Agent,2022-01-03,Yes,Low,26270.81,139,6.5,1.11205,9267.083333333334,-17003.72666666667,2.455500292253046
47.0,43313.0,59851.59,850,6,Mumbai,Premium,Online,2021-07-07,Yes,Low,12133.92,50,6.3,0.43313,3609.4166666666665,-8524.503333333334,1.3818389398102187
45.0,208202.0,36448.62,829,12,Chennai,Retail,Agent,2023-08-24,Yes,Low,9763.68,28,4.2,2.08202,17350.166666666668,7586.486666666668,0.17506373617928744
47.0,31530.0,257386.53,569,0,Chennai,Retail,Branch,2024-03-23,Yes,Medium,46303.82,146,5.4,0.3153,2627.5,-43676.32,8.163226450999048
38.0,247317.0,203693.55,581,0,Bangalore,Premium,Branch,2023-02-16,No,Medium,9702.13,8,8.4,2.47317,20609.75,10907.62,0.8236132170453304
70.0,167633.0,248928.94,667,7,Pune,Premium,Agent,2021-11-19,Yes,Medium,38283.75,141,9.8,1.67633,13969.416666666666,-24314.333333333336,1.4849638197729564
38.0,139914.0,169821.49,351,15,Pune,Premium,Mobile,2024-11-05,Yes,High,18225.22,28,3.7,1.39914,11659.5,-6565.720000000001,1.2137562359735266
41.0,162084.0,151344.55801855895,340,6,Hyderabad,Premium,Branch,2021-01-04,No,High,22879.06,7,1.3,1.62084,13507.0,-9372.060000000001,0.9337415045196253
73.0,140142.0,216938.48,357,8,Delhi,SME,Agent,2022-05-24,Yes,High,26244.45,43,5.605416666666668,1.40142,11678.5,-14565.95,1.5479904668122333
27.0,222990.0,278786.52,580,5,Delhi,Corporate,Online,2024-04-27,Yes,Medium,43182.45,145,5.605416666666668,2.2299,18582.5,-24599.949999999997,1.250219830485672
37.0,149447.0,131537.01,807,7,Hyderabad,Corporate,Branch,2021-08-31,Yes,Low,24625.17,113,7.5,1.49447,12453.916666666666,-12171.253333333332,0.8801582500819689
75.0,192523.0,151344.55801855895,447,15,Mumbai,Premium,Mobile,2026-01-20,Yes,High,43447.13,102,3.1,1.92523,16043.583333333334,-27403.54666666666,0.7861115711814118
65.0,171649.0,151344.55801855895,382,1,Bangalore,Retail,Online,2024-11-16,Yes,High,12235.33,136,5.0,1.71649,14304.083333333334,2068.753333333334,0.8817095236124821
50.0,121334.0,130131.17,480,7,Bangalore,Premium,Branch,2021-10-26,No,High,15829.19,93,5.5,1.21334,10111.166666666666,-5718.023333333334,1.0725037499793957
51.0,97099.0,217456.95,499,0,Kolkata,Corporate,Agent,2022-08-08,Yes,High,45893.76,64,1.5,0.97099,8091.583333333333,-37802.176666666666,2.239538512240085
38.0,183280.0,88572.54,572,7,Kolkata,Premium,Mobile,2026-03-11,Yes,Medium,28796.17,46,7.9,1.8328,15273.333333333334,-13522.836666666664,0.48326353120907894
65.0,107189.0,161643.9,685,5,Mumbai,Retail,Branch,2021-09-26,No,Medium,27746.3,119,3.3,1.07189,8932.416666666666,-18813.88333333333,1.5080269430631874
35.0,191205.0,17914.95,378,0,Pune,SME,Mobile,2025-11-01,Yes,High,9059.66,142,2.8,1.91205,15933.75,6874.09,0.09369498705577783
45.0,163496.0,226386.37,593,13,Kolkata,Premium,Online,2021-08-23,No,Medium,11982.44,77,4.5,1.63496,13624.666666666666,1642.2266666666656,1.3846599916817537
27.0,139914.0,181139.1,645,9,Delhi,SME,Branch,2023-08-24,Yes,Medium,9872.02,82,1.7,1.39914,11659.5,1787.4799999999996,1.2946459968266222
50.0,139914.0,114206.9,613,5,Hyderabad,Premium,Mobile,2023-03-28,No,Medium,47705.99,86,2.8,1.39914,11659.5,-36046.49,0.8162649913518304
53.0,81985.0,191127.25,687,10,Bangalore,Corporate,Online,2024-04-19,No,Medium,11277.59,145,6.4,0.81985,6832.083333333333,-4445.506666666667,2.3312465694944198
26.0,220246.0,155036.98,420,0,Pune,Corporate,Online,2024-06-22,No,High,48298.47,110,1.4,2.20246,18353.833333333332,-29944.63666666667,0.7039264277217294
68.0,175787.0,151344.55801855895,375,3,Mumbai,Premium,Mobile,2022-07-14,No,High,28212.13,8,2.3,1.75787,14648.916666666666,-13563.213333333335,0.8609542117366981
46.0,60585.0,132991.95,651,10,Delhi,SME,Mobile,2025-10-21,No,Medium,47675.81,74,5.0,0.60585,5048.75,-42627.06,2.195129982668978
27.0,139914.0,120700.49,370,1,Hyderabad,Premium,Agent,2024-11-17,Yes,High,15776.08,8,7.8,1.39914,11659.5,-4116.58,0.8626762868619295
60.0,74811.0,162906.43,478,6,Chennai,SME,Mobile,2022-02-21,No,High,44852.77,72,8.0,0.74811,6234.25,-38618.52,2.177573217842296
65.0,112266.0,9281.29,391,6,Mumbai,Premium,Agent,2022-03-12,Yes,High,33341.19,49,4.0,1.12266,9355.5,-23985.690000000002,0.08267231396861027
46.0,108560.0,249995.12,712,3,Delhi,SME,Mobile,2021-02-21,Yes,Low,26986.15,120,5.6,1.0856,9046.666666666666,-17939.483333333337,2.302829034635225
32.0,248894.0,159473.22,708,8,Hyderabad,Retail,Online,2021-09-16,Yes,Low,12227.93,108,2.5,2.48894,20741.166666666668,8513.236666666668,0.6407274582754104
31.0,234988.0,271127.27,577,12,Mumbai,Premium,Mobile,2022-03-07,No,Medium,1663.37,126,1.5,2.34988,19582.333333333332,17918.963333333333,1.1537919808671082
56.0,215731.0,157069.07,315,2,Delhi,SME,Agent,2021-09-27,Yes,High,5808.17,88,3.6,2.15731,17977.583333333332,12169.413333333332,0.7280783475717445
59.0,87987.0,15167.76,685,14,Pune,Premium,Online,2022-04-17,No,Medium,12317.08,127,6.9,0.87987,7332.25,-4984.83,0.1723863752599816
47.0,177360.0,76269.42,398,2,Bangalore,Premium,Agent,2024-10-11,No,High,44132.6,4,6.7,1.7736,14780.0,-29352.6,0.430026048714479
50.0,219509.0,268195.56,440,3,Pune,Premium,Online,2024-11-11,Yes,High,1974.15,128,8.3,2.19509,18292.416666666668,16318.266666666668,1.221797557275556
21.0,149677.0,172606.62,529,0,Mumbai,Premium,Agent,2022-01-24,Yes,High,39791.46,52,9.5,1.49677,12473.083333333334,-27318.376666666663,1.1531940111039103
52.0,139914.0,114985.27,420,4,Chennai,SME,Online,2025-03-04,Yes,High,48458.54,63,9.6,1.39914,11659.5,-36799.04,0.8218281944623126
43.0,189053.0,252622.33,798,15,Chennai,Retail,Mobile,2022-06-27,Yes,Low,23670.16,37,2.0,1.89053,15754.416666666666,-7915.743333333334,1.3362513686638138
73.0,201572.0,15659.59,425,5,Chennai,Corporate,Agent,2026-03-13,Yes,High,45775.92,93,1.1,2.01572,16797.666666666668,-28978.25333333333,0.0776873276050245
47.0,162513.0,188398.01,504,13,Pune,Retail,Mobile,2024-02-10,Yes,High,10373.4,40,9.0,1.62513,13542.75,3169.3500000000004,1.1592796268606205
68.0,239266.0,149470.8,550,12,Chennai,Corporate,Mobile,2024-06-06,No,Medium,12802.53,71,1.6,2.39266,19938.833333333332,7136.3033333333315,0.6247055578310332
47.0,123317.0,297062.67,546,10,Mumbai,Premium,Online,2021-09-03,No,High,24625.17,34,3.9,1.23317,10276.416666666666,-14348.753333333332,2.40893526439988
72.0,150816.0,63333.74,644,9,Kolkata,Premium,Agent,2024-01-10,No,Medium,32584.32,19,3.7,1.50816,12568.0,-20016.32,0.41994045724591555
60.0,184674.0,17322.32,552,9,Delhi,Corporate,Agent,2023-08-17,Yes,Medium,47767.04,112,5.605416666666668,1.84674,15389.5,-32377.54,0.09379945200732101
29.0,230342.0,265685.93,520,12,Hyderabad,Corporate,Online,2025-05-19,Yes,High,24625.17,35,2.7,2.30342,19195.166666666668,-5430.00333333333,1.153441100624289
19.0,185831.0,281127.31,467,14,Bangalore,Premium,Online,2022-09-22,Yes,High,49612.5,83,6.8,1.85831,15485.916666666666,-34126.583333333336,1.5128116944966126
25.0,56367.0,242156.8,834,13,Mumbai,Premium,Branch,2022-05-26,Yes,Low,14148.62,134,3.8,0.56367,4697.25,-9451.37,4.296073943974311
71.0,95017.0,181623.53,593,1,Kolkata,SME,Online,2024-08-19,Yes,Medium,16530.56,99,3.6,0.95017,7918.083333333333,-8612.47666666667,1.9114845764442152
36.0,139914.0,120829.32,492,10,Pune,Corporate,Branch,2025-08-26,Yes,High,2294.62,39,6.3,1.39914,11659.5,9364.880000000001,0.863597066769587
41.0,139914.0,233078.4,521,9,Mumbai,Premium,Agent,2021-03-23,No,High,7964.24,90,9.7,1.39914,11659.5,3695.26,1.6658690338350701
33.0,151969.0,15570.28,834,9,Chennai,Retail,Branch,2023-02-23,Yes,Low,29454.34,52,1.4,1.51969,12664.083333333334,-16790.256666666668,0.10245694845659313
54.0,32788.0,281524.12,394,5,Delhi,Premium,Mobile,2023-08-24,Yes,High,21852.59,20,4.2,0.32788,2732.3333333333335,-19120.256666666668,8.5861937294132
68.0,226548.0,92686.8,745,15,Bangalore,Premium,Mobile,2025-06-12,Yes,Low,38320.75,43,1.3,2.26548,18879.0,-19441.75,0.4091265427194237
47.0,145030.0,165597.09,378,8,Bangalore,Retail,Online,2023-09-28,No,High,24625.17,29,2.1,1.4503,12085.833333333334,-12539.336666666664,1.141812659449769
18.0,157439.0,108652.88,800,15,Bangalore,Corporate,Branch,2025-07-19,Yes,Low,48012.25,62,5.9,1.57439,13119.916666666666,-34892.333333333336,0.6901268427772026
37.0,97588.0,94964.9,732,2,Mumbai,SME,Branch,2023-11-05,No,Low,35481.37,146,4.8,0.97588,8132.333333333333,-27349.03666666667,0.9731206705742509
46.0,111652.0,102541.11,682,9,Chennai,Premium,Online,2021-05-05,Yes,Medium,41878.24,77,1.4,1.11652,9304.333333333334,-32573.906666666662,0.9183992225844588
73.0,194631.0,120391.81,320,3,Hyderabad,Retail,Online,2025-02-03,Yes,High,1300.39,137,5.9,1.94631,16219.25,14918.86,0.618564411630213
29.0,152556.0,181644.8,837,0,Mumbai,Premium,Agent,2024-07-20,No,Low,49036.75,34,1.3,1.52556,12713.0,-36323.75,1.190676210702955
49.0,204402.0,151344.55801855895,372,12,Hyderabad,Corporate,Agent,2021-03-31,Yes,High,29826.05,37,5.7,2.04402,17033.5,-12792.55,0.7404260135348918
61.0,165629.0,156942.91,473,12,Chennai,Premium,Mobile,2025-08-08,Yes,High,36338.44,120,3.9,1.65629,13802.416666666666,-22536.023333333338,0.9475569495680105
47.0,185081.0,119730.06,540,11,Chennai,SME,Mobile,2021-06-11,No,High,1318.7,2,4.2,1.85081,15423.416666666666,14104.716666666665,0.646906273469454
45.0,201313.0,130652.29,783,4,Mumbai,Premium,Mobile,2025-02-15,Yes,Low,22569.56,60,8.9,2.01313,16776.083333333332,-5793.476666666669,0.6490007600105309
47.0,139914.0,56711.86,416,5,Mumbai,Corporate,Branch,2022-05-03,No,High,12811.0,13,8.1,1.39914,11659.5,-1151.5,0.40533370499020827
24.0,27659.0,251259.25,842,13,Bangalore,Corporate,Mobile,2021-11-13,No,Low,48621.75,74,3.4,0.27659,2304.9166666666665,-46316.833333333336,9.084176940597997
64.0,139914.0,228932.51,776,10,Hyderabad,Premium,Agent,2024-09-27,Yes,Low,17947.53,141,2.4,1.39914,11659.5,-6288.029999999999,1.636237331503638
63.0,234373.0,164088.98,746,13,Hyderabad,SME,Branch,2023-12-24,Yes,Low,15070.23,88,5.1,2.34373,19531.083333333332,4460.853333333333,0.7001189556817552
66.0,215001.0,195570.26,471,9,Unknown,Corporate,Agent,2022-05-03,Yes,High,23898.99,73,5.8,2.15001,17916.75,-5982.240000000002,0.909624885465649
59.0,176426.0,246128.05,400,11,Delhi,Premium,Agent,2024-10-31,No,High,3797.79,51,7.4,1.76426,14702.166666666666,10904.376666666667,1.3950781064015507
25.0,42727.0,175067.09,567,13,Bangalore,SME,Mobile,2023-04-29,No,Medium,9707.42,94,8.2,0.42727,3560.5833333333335,-6146.836666666666,4.097341025581014
40.0,127932.0,8353.17,628,6,Delhi,SME,Online,2025-08-15,Yes,High,33796.11,31,3.6,1.27932,10661.0,-23135.11,0.06529382797110965
32.0,28631.0,130925.88,624,2,Mumbai,Premium,Branch,2022-12-28,Yes,Medium,13411.34,116,6.0,0.28631,2385.9166666666665,-11025.423333333334,4.572871363207712
42.0,49022.0,151344.55801855895,771,14,Chennai,SME,Agent,2021-08-05,Yes,Low,11065.67,68,3.7,0.49022,4085.1666666666665,-6980.503333333334,3.087278324396372
66.0,31304.0,5026.89,835,3,Bangalore,Corporate,Agent,2023-12-14,Yes,High,24625.17,19,5.9,0.31304,2608.6666666666665,-22016.50333333333,0.16058299258880654
69.0,173159.0,61338.27,827,3,Mumbai,Premium,Agent,2024-02-21,Yes,Low,15379.26,110,9.5,1.73159,14429.916666666666,-949.3433333333342,0.3542309091644096
74.0,170128.0,236012.5,632,7,Pune,SME,Agent,2025-12-11,Yes,Medium,21125.17,128,5.6,1.70128,14177.333333333334,-6947.836666666664,1.3872642951189693
62.0,195286.0,151344.55801855895,588,10,Mumbai,Corporate,Online,2023-02-21,Yes,Medium,28332.98,80,3.7,1.95286,16273.833333333334,-12059.146666666666,0.7749892876015636
30.0,216617.0,138433.65,334,1,Kolkata,Premium,Agent,2021-04-07,Yes,High,22003.8,134,2.7,2.16617,18051.416666666668,-3952.3833333333314,0.6390710332060734
63.0,128409.0,163351.73,518,1,Bangalore,Premium,Mobile,2025-05-17,Yes,High,21167.38,76,9.7,1.28409,10700.75,-10466.630000000001,1.2721205678729686
60.0,200006.0,109765.74,462,4,Bangalore,Retail,Branch,2022-10-25,Yes,High,32375.14,119,8.2,2.00006,16667.166666666668,-15707.973333333332,0.548812235632931
62.0,120998.0,151344.55801855895,770,6,Hyderabad,Premium,Online,2022-10-26,No,Low,43585.06,26,5.7,1.20998,10083.166666666666,-33501.89333333333,1.2508021456433904
55.0,45074.0,58334.29,673,2,Pune,SME,Agent,2026-02-08,Yes,Medium,31006.44,136,2.7,0.45074,3756.1666666666665,-27250.27333333333,1.2941893330966854
34.0,44169.0,282759.39,419,3,Mumbai,Retail,Mobile,2025-09-02,Yes,High,30866.14,42,7.3,0.44169,3680.75,-27185.39,6.401761189974869
37.0,170282.0,267017.11,686,12,Bangalore,Premium,Online,2021-04-13,No,Medium,2107.83,63,9.2,1.70282,14190.166666666666,12082.336666666666,1.5680877015773833
28.0,139914.0,259020.23,344,8,Chennai,Premium,Mobile,2025-03-27,Yes,High,24625.17,91,2.8,1.39914,11659.5,-12965.669999999998,1.8512817159112027
20.0,103258.0,46885.11,306,7,Bangalore,Premium,Agent,2022-04-26,No,High,7275.58,37,2.0,1.03258,8604.833333333334,1329.253333333334,0.45405789381936507
29.0,144891.0,56074.33,546,3,Bangalore,SME,Mobile,2023-05-12,No,High,21591.96,20,3.7,1.44891,12074.25,-9517.71,0.38701044233251203
47.0,233526.0,296829.53,810,8,Pune,SME,Mobile,2025-03-06,Yes,Low,9940.5,13,9.4,2.33526,19460.5,9520.0,1.2710770106968818
50.0,27920.0,118420.31,847,6,Hyderabad,Premium,Agent,2024-08-28,Yes,Low,47061.51,103,7.8,0.2792,2326.6666666666665,-44734.84333333334,4.24141511461318
25.0,69859.0,228778.92,646,6,Delhi,Premium,Branch,2023-08-24,Yes,Medium,16850.39,85,6.7,0.69859,5821.583333333333,-11028.806666666667,3.2748668031320234
48.0,211898.0,151344.55801855895,433,5,Delhi,SME,Online,2025-06-14,No,High,34799.0,24,3.4,2.11898,17658.166666666668,-17140.833333333332,0.7142330650528035
47.0,225641.0,266666.23,478,12,Pune,SME,Mobile,2022-12-26,Yes,High,18978.6,95,5.605416666666668,2.25641,18803.416666666668,-175.18333333333067,1.181816380888225
39.0,245169.0,224401.42,596,3,Bangalore,Corporate,Branch,2022-11-29,No,Medium,1506.87,142,6.1,2.45169,20430.75,18923.88,0.9152927980291147
62.0,191129.0,234404.65,739,4,Bangalore,Retail,Mobile,2025-01-09,Yes,Low,18278.61,81,3.7,1.91129,15927.416666666666,-2351.1933333333345,1.2264211605774111
58.0,106941.0,169388.72,792,5,Chennai,Premium,Branch,2023-04-22,Yes,Low,13546.86,46,6.3,1.06941,8911.75,-4635.110000000001,1.5839455400641476
42.0,41288.0,151344.55801855895,629,4,Mumbai,Corporate,Branch,2023-12-14,Yes,Medium,43876.68,65,7.1,0.41288,3440.6666666666665,-40436.013333333336,3.665582203510922
23.0,179834.0,16054.34,526,9,Hyderabad,Retail,Mobile,2025-02-13,Yes,High,1558.75,121,1.5,1.79834,14986.166666666666,13427.416666666666,0.08927310742128852
51.0,232367.0,108729.4,452,10,Unknown,Retail,Branch,2022-01-30,Yes,High,9614.44,93,4.7,2.32367,19363.916666666668,9749.476666666667,0.46792100427341227
37.0,174302.0,173919.35,830,9,Delhi,Premium,Online,2023-05-24,Yes,Low,32314.5,96,8.0,1.74302,14525.166666666666,-17789.333333333336,0.9978046723502886
53.0,89772.0,263958.8,577,9,Kolkata,Premium,Agent,2024-04-24,Yes,Medium,2449.81,87,9.8,0.89772,7481.0,5031.1900000000005,2.940324377311411
47.0,200211.0,242637.0,828,0,Chennai,SME,Agent,2025-01-14,Yes,Low,30984.27,53,10.0,2.00211,16684.25,-14300.02,1.2119064387071639
57.0,228838.0,166307.0,457,8,Delhi,Retail,Agent,2022-07-20,Yes,High,41557.61,83,3.1,2.28838,19069.833333333332,-22487.77666666667,0.7267455579929907
42.0,59228.0,67718.32,822,0,Mumbai,Retail,Mobile,2021-02-13,Yes,Low,32477.51,5,9.7,0.59228,4935.666666666667,-27541.84333333333,1.1433497670020938
18.0,180289.0,73955.97,325,13,Hyderabad,SME,Online,2021-03-10,Yes,High,10611.24,74,3.5,1.80289,15024.083333333334,4412.843333333334,0.41020788844577316
47.0,58380.0,225435.88,819,10,Kolkata,SME,Agent,2025-05-13,Yes,Low,44764.29,46,3.1,0.5838,4865.0,-39899.29,3.861525865022268
22.0,211321.0,63568.3,709,2,Bangalore,Retail,Mobile,2024-03-01,Yes,Low,46790.52,80,1.6,2.11321,17610.083333333332,-29180.436666666665,0.3008139276266912
59.0,145585.0,207028.97,393,3,Chennai,Premium,Agent,2022-09-07,Yes,High,4079.37,80,7.3,1.45585,12132.083333333334,8052.713333333334,1.422048768760518
40.0,47746.0,258902.71,473,2,Delhi,Corporate,Agent,2023-01-30,No,High,24625.17,88,7.5,0.47746,3978.8333333333335,-20646.336666666666,5.4225005236040715
45.0,109976.0,181726.59,570,12,Hyderabad,Premium,Mobile,2024-08-05,No,High,43904.5,51,1.5,1.09976,9164.666666666666,-34739.833333333336,1.6524204371862952
50.0,145029.0,158964.38,337,12,Delhi,Premium,Online,2024-02-17,Yes,High,31027.26,36,4.8,1.45029,12085.75,-18941.51,1.0960868515951983
53.0,215868.0,210746.5,846,1,Hyderabad,Corporate,Agent,2022-07-06,No,Low,10320.84,49,1.0,2.15868,17989.0,7668.16,0.9762748531509997
19.0,171451.0,7571.2,365,2,Delhi,Premium,Online,2024-01-11,No,High,24354.42,94,8.4,1.71451,14287.583333333334,-10066.836666666664,0.044159555791450616
60.0,62711.0,2906.06,374,0,Bangalore,SME,Branch,2023-01-06,No,High,36956.46,54,2.6,0.62711,5225.916666666667,-31730.54333333333,0.04634051442330692
55.0,117197.0,228127.29,816,13,Delhi,SME,Mobile,2023-08-24,No,Low,24834.86,77,1.3,1.17197,9766.416666666666,-15068.443333333335,1.9465284094302755
66.0,164401.0,295453.72,320,13,Kolkata,Retail,Agent,2021-03-01,Yes,High,16104.31,53,9.8,1.64401,13700.083333333334,-2404.2266666666656,1.7971528153721692
40.0,108369.0,18028.92,342,4,Delhi,Premium,Mobile,2022-04-06,No,High,38269.46,140,2.5,1.08369,9030.75,-29238.71,0.16636602718489604
21.0,215736.0,202319.9,536,5,Mumbai,Retail,Online,2023-06-25,No,High,28088.58,28,7.6,2.15736,17978.0,-10110.580000000002,0.9378124188823377
54.0,210763.0,128878.78,667,10,Mumbai,Retail,Branch,2021-05-24,Yes,Medium,37906.25,22,6.8,2.10763,17563.583333333332,-20342.666666666668,0.6114867410313954
43.0,136279.0,190812.74,364,7,Chennai,SME,Mobile,2025-03-15,Yes,High,13900.78,63,6.6,1.36279,11356.583333333334,-2544.1966666666667,1.4001624608340242
72.0,139914.0,27685.44,840,9,Mumbai,Retail,Agent,2023-05-16,No,Low,13192.71,99,2.9,1.39914,11659.5,-1533.2099999999991,0.1978746944551653
34.0,230391.0,87754.53,369,13,Kolkata,Retail,Branch,2024-11-13,No,High,29787.61,69,5.0,2.30391,19199.25,-10588.36,0.38089391512689297
47.0,121722.0,4109.57,778,4,Chennai,Corporate,Branch,2022-05-08,No,High,1369.49,84,9.7,1.21722,10143.5,8774.01,0.0337619329291336
62.0,193383.0,283993.33,474,1,Hyderabad,SME,Online,2022-07-01,Yes,High,13007.64,55,9.7,1.93383,16115.25,3107.6100000000006,1.4685537508467652
47.0,206403.0,296765.33,370,5,Mumbai,Premium,Mobile,2022-09-30,Yes,High,5194.11,136,3.2,2.06403,17200.25,12006.14,1.437795623125633
57.0,187728.0,151344.55801855895,782,13,Pune,SME,Mobile,2025-12-06,Yes,Low,3661.85,76,4.4,1.87728,15644.0,11982.15,0.8061906482706839
66.0,95119.0,207363.54,718,15,Hyderabad,Corporate,Branch,2022-06-02,Yes,Low,9535.31,111,6.8,0.95119,7926.583333333333,-1608.7266666666665,2.1800433141643625
42.0,203589.0,237516.08,795,13,Hyderabad,Retail,Branch,2024-07-24,Yes,Low,7691.94,61,8.0,2.03589,16965.75,9273.810000000001,1.1666449562599157
33.0,249884.0,252604.7,432,6,Mumbai,Retail,Agent,2024-12-06,Yes,High,42436.87,12,7.5,2.49884,20823.666666666668,-21613.203333333335,1.010887851963311
39.0,176409.0,156761.92,396,3,Delhi,Corporate,Agent,2023-12-20,Yes,High,9192.97,46,7.6,1.76409,14700.75,5507.780000000001,0.8886276777261932
66.0,112468.0,3975.31,642,6,Chennai,Premium,Branch,2022-07-13,Yes,High,3037.88,100,4.8,1.12468,9372.333333333334,6334.453333333334,0.03534614290287015
39.0,119018.0,52224.5,638,9,Hyderabad,Premium,Agent,2022-02-03,Yes,Medium,21316.62,66,2.7,1.19018,9918.166666666666,-11398.453333333333,0.43879497218908065
22.0,221501.0,100038.78,476,1,Delhi,SME,Branch,2025-09-04,Yes,High,24625.17,79,5.605416666666668,2.21501,18458.416666666668,-6166.75333333333,0.4516403086216315
72.0,192296.0,1603.85,565,7,Kolkata,Corporate,Online,2022-08-26,Yes,High,36793.64,53,6.7,1.92296,16024.666666666666,-20768.973333333335,0.008340527104047925
50.0,44873.0,171966.96,540,5,Mumbai,SME,Agent,2023-04-05,No,High,27122.97,129,5.605416666666668,0.44873,3739.4166666666665,-23383.553333333333,3.8323036124172662
61.0,183588.0,266872.99,545,10,Kolkata,Premium,Mobile,2024-10-09,Yes,High,3686.56,137,2.1,1.83588,15299.0,11612.44,1.453651600322461
37.0,200915.0,84991.43,496,8,Kolkata,Premium,Mobile,2023-08-31,No,High,20365.61,76,5.605416666666668,2.00915,16742.916666666668,-3622.6933333333327,0.42302182514993897
34.0,93344.0,242406.79,523,9,Chennai,SME,Agent,2024-06-20,Yes,High,29574.66,84,8.8,0.93344,7778.666666666667,-21795.993333333332,2.5969188164209807
50.0,35756.0,196198.23,721,10,Delhi,Corporate,Online,2024-05-04,Yes,Low,20484.78,83,6.3,0.35756,2979.6666666666665,-17505.11333333333,5.48714145877615
55.0,184116.0,65912.04,688,1,Kolkata,Corporate,Branch,2025-05-08,No,Medium,42876.72,140,7.8,1.84116,15343.0,-27533.72,0.3579919181385648
72.0,84765.0,178224.83,503,2,Mumbai,SME,Agent,2022-08-22,Yes,High,37869.12,139,9.2,0.84765,7063.75,-30805.370000000003,2.1025757093139856
25.0,139914.0,291726.0,355,12,Pune,Retail,Branch,2023-08-24,Yes,High,30013.44,140,6.2,1.39914,11659.5,-18353.94,2.085037951884729
63.0,207958.0,137579.38,624,15,Delhi,Retail,Mobile,2022-12-16,No,Medium,31610.52,88,1.2,2.07958,17329.833333333332,-14280.686666666668,0.6615729137614326
65.0,78352.0,266539.23,767,5,Delhi,Premium,Agent,2023-02-16,Yes,Low,15766.84,29,9.1,0.78352,6529.333333333333,-9237.506666666668,3.4018178221360014
71.0,195102.0,219636.78,843,1,Unknown,Retail,Online,2021-10-03,No,Low,24625.17,65,4.0,1.95102,16258.5,-8366.669999999998,1.1257536058061937
31.0,34283.0,268078.38,833,10,Pune,Corporate,Mobile,2021-04-05,Yes,Low,49257.98,39,6.2,0.34283,2856.9166666666665,-46401.06333333334,7.819571799434122
52.0,177850.0,268279.54,678,15,Chennai,Premium,Branch,2023-01-23,No,Medium,15522.2,105,4.9,1.7785,14820.833333333334,-701.3666666666668,1.50845960078718
57.0,41014.0,20500.23,581,3,Mumbai,Retail,Online,2025-07-10,Yes,Medium,42428.82,97,5.5,0.41014,3417.8333333333335,-39010.986666666664,0.4998349344126396
51.0,139914.0,290602.38,754,11,Chennai,Premium,Agent,2025-03-10,No,Low,41660.98,23,2.4,1.39914,11659.5,-30001.480000000003,2.07700716154209
47.0,148279.0,21001.05,570,8,Kolkata,Premium,Branch,2024-03-25,Yes,Medium,16610.71,77,4.2,1.48279,12356.583333333334,-4254.126666666665,0.14163199104391047
42.0,157997.0,234904.99,566,10,Mumbai,Retail,Online,2022-07-25,Yes,Medium,34070.04,92,8.3,1.57997,13166.416666666666,-20903.623333333337,1.4867686728229017
27.0,123540.0,191386.28,759,9,Hyderabad,Corporate,Mobile,2022-04-26,Yes,Low,48491.86,100,2.0,1.2354,10295.0,-38196.86,1.5491847175004048
22.0,51958.0,65941.6,582,8,Chennai,Retail,Agent,2025-01-11,Yes,Medium,36931.23,98,2.4,0.51958,4329.833333333333,-32601.39666666667,1.269132761076254
28.0,106571.0,61332.17,633,10,Mumbai,Premium,Branch,2022-08-05,Yes,Medium,18749.53,43,7.9,1.06571,8880.916666666666,-9868.613333333333,0.5755052500211126
21.0,114489.0,265374.99,587,6,Pune,Premium,Mobile,2023-06-22,Yes,Medium,6053.97,143,3.8,1.14489,9540.75,3486.7799999999997,2.3179081833189215
45.0,82660.0,30824.48,820,5,Mumbai,SME,Branch,2023-11-19,Yes,Low,39040.77,67,3.6,0.8266,6888.333333333333,-32152.436666666665,0.3729068473263973
50.0,147413.0,158167.85,832,14,Pune,Retail,Agent,2023-02-05,Yes,Low,19029.64,148,1.5,1.47413,12284.416666666666,-6745.223333333333,1.0729572697116265
56.0,139914.0,151344.55801855895,554,3,Chennai,Corporate,Branch,2021-09-28,Yes,High,14592.55,100,8.0,1.39914,11659.5,-2933.0499999999993,1.0816970283070955
62.0,75939.0,177605.05,592,15,Pune,Retail,Online,2021-08-26,Yes,Medium,24625.17,68,3.6,0.75939,6328.25,-18296.92,2.3387857359196196
51.0,43474.0,13212.11,835,2,Unknown,Premium,Online,2023-03-26,No,High,40385.31,82,6.8,0.43474,3622.8333333333335,-36762.47666666666,0.30390831301467547
47.0,166826.0,123401.84,307,2,Pune,Corporate,Agent,2025-01-01,No,High,19667.28,16,6.3,1.66826,13902.166666666666,-5765.113333333333,0.739703883087768
57.0,141981.0,162493.93,358,7,Chennai,SME,Mobile,2023-05-11,Yes,High,17807.84,50,7.4,1.41981,11831.75,-5976.09,1.144476584895162
57.0,200136.0,74072.23,767,15,Kolkata,Corporate,Online,2023-07-29,Yes,Low,11905.89,11,3.1,2.00136,16678.0,4772.110000000001,0.3701094755566215
25.0,112960.0,55035.72,796,2,Hyderabad,Corporate,Online,2022-03-30,No,Low,45607.85,74,4.6,1.1296,9413.333333333334,-36194.51666666666,0.48721423512747875
44.0,189433.0,246494.38,464,1,Bangalore,Retail,Online,2025-08-29,Yes,High,15906.64,57,1.8,1.89433,15786.083333333334,-120.55666666666548,1.3012219623824783
55.0,139914.0,43316.29,535,4,Pune,Corporate,Agent,2023-08-24,No,High,5016.9,78,6.2,1.39914,11659.5,6642.6,0.30959224952470804
32.0,50592.0,231222.76,566,6,Delhi,Corporate,Branch,2023-08-24,Yes,Medium,8623.66,28,4.0,0.50592,4216.0,-4407.66,4.570342346616066
47.0,222149.0,151344.55801855895,386,14,Hyderabad,Corporate,Agent,2023-07-21,No,High,25880.46,76,6.1,2.22149,18512.416666666668,-7368.043333333331,0.6812749911931134
46.0,198359.0,129030.86,739,9,Mumbai,SME,Agent,2023-01-03,Yes,Low,38345.9,145,9.9,1.98359,16529.916666666668,-21815.983333333334,0.6504915834421428
57.0,113009.0,270670.92,833,13,Pune,Retail,Branch,2021-11-02,No,Low,24324.86,117,2.0,1.13009,9417.416666666666,-14907.443333333335,2.3951271137696994
69.0,96031.0,129162.06,732,5,Delhi,Retail,Online,2021-12-23,Yes,Low,40842.88,25,8.0,0.96031,8002.583333333333,-32840.29666666666,1.3450038008559735
18.0,90087.0,83353.55,850,1,Delhi,SME,Mobile,2025-06-06,Yes,Low,3944.3,95,6.9,0.90087,7507.25,3562.95,0.9252561412856461
34.0,67604.0,185990.57,805,14,Kolkata,SME,Online,2023-08-24,Yes,Low,25733.95,68,1.7,0.67604,5633.666666666667,-20100.283333333333,2.7511770013608663
66.0,147232.0,31677.46,790,8,Bangalore,Premium,Agent,2022-02-16,Yes,Low,13296.06,144,4.4,1.47232,12269.333333333334,-1026.7266666666656,0.21515336339926103
52.0,160450.0,78741.18,402,4,Delhi,SME,Branch,2022-08-27,Yes,High,5527.05,103,7.8,1.6045,13370.833333333334,7843.783333333334,0.49075213462137734
55.0,211749.0,4652.5,611,7,Delhi,Retail,Mobile,2023-08-24,Yes,High,36425.06,9,8.4,2.11749,17645.75,-18779.309999999998,0.021971768461716466
26.0,139914.0,56352.86,815,3,Pune,Retail,Branch,2021-09-05,Yes,Low,36196.22,8,1.8,1.39914,11659.5,-24536.72,0.4027678431036208
26.0,113664.0,91347.76,528,15,Mumbai,Corporate,Mobile,2022-06-07,Yes,High,33662.16,66,1.7,1.13664,9472.0,-24190.160000000003,0.8036648367117116
70.0,57994.0,151344.55801855895,425,5,Chennai,Premium,Branch,2023-01-18,Yes,High,38384.92,111,9.2,0.57994,4832.833333333333,-33552.08666666666,2.609658896067851
27.0,92203.0,105780.78,315,14,Kolkata,Corporate,Mobile,2023-04-25,Yes,High,26074.35,131,3.7,0.92203,7683.583333333333,-18390.766666666666,1.1472596336344805
56.0,202731.0,203669.32,339,13,Mumbai,Premium,Online,2021-02-09,Yes,High,16017.03,15,3.2,2.02731,16894.25,877.2199999999993,1.0046283992088039
63.0,139914.0,151344.55801855895,355,2,Delhi,Premium,Mobile,2025-11-23,No,High,21600.9,39,7.6,1.39914,11659.5,-9941.400000000001,1.0816970283070955
21.0,36116.0,219347.2,361,7,Kolkata,Premium,Branch,2022-08-29,No,High,22618.29,3,8.4,0.36116,3009.6666666666665,-19608.623333333333,6.073407907852475
19.0,196033.0,151344.55801855895,584,15,Chennai,Corporate,Online,2021-12-25,Yes,Medium,23273.28,84,6.8,1.96033,16336.083333333334,-6937.196666666665,0.7720361266651989
51.0,35749.0,83537.26,545,1,Kolkata,Corporate,Online,2024-04-28,Yes,High,24918.36,124,6.1,0.35749,2979.0833333333335,-21939.27666666667,2.3367719376765783
19.0,118980.0,185165.64,367,1,Mumbai,Corporate,Agent,2021-07-23,No,High,27811.67,147,6.1,1.1898,9915.0,-17896.67,1.5562753403933436
54.0,139914.0,99910.46,384,7,Mumbai,Corporate,Agent,2026-01-12,Yes,High,703.02,86,9.7,1.39914,11659.5,10956.48,0.7140847949454665
55.0,204967.0,93300.75,713,8,Pune,Premium,Agent,2024-09-19,Yes,Low,47767.94,138,9.1,2.04967,17080.583333333332,-30687.35666666667,0.4551988856742793
69.0,139914.0,35119.81,808,7,Mumbai,Retail,Branch,2025-01-11,No,Low,5393.88,146,5.3,1.39914,11659.5,6265.62,0.25100997755764254
36.0,55841.0,22446.36,701,13,Kolkata,Retail,Online,2022-05-24,Yes,Low,24625.17,76,6.1,0.55841,4653.416666666667,-19971.75333333333,0.401969162443366
47.0,28712.0,18399.29,737,11,Kolkata,Premium,Online,2025-02-14,No,Low,17045.2,81,7.3,0.28712,2392.6666666666665,-14652.533333333335,0.6408223042630259
75.0,79220.0,59547.32,345,9,Chennai,Retail,Branch,2025-06-25,Yes,High,42261.58,81,1.6,0.7922,6601.666666666667,-35659.91333333334,0.7516702852814946
61.0,150703.0,106791.31,313,6,Mumbai,Premium,Online,2024-06-08,Yes,High,31457.18,84,2.3,1.50703,12558.583333333334,-18898.596666666665,0.7086209962641752
40.0,67963.0,138717.35,570,5,Chennai,Premium,Mobile,2023-10-18,Yes,High,35739.24,55,2.6,0.67963,5663.583333333333,-30075.656666666666,2.0410716124950343
64.0,124853.0,213970.76,812,6,Delhi,Retail,Mobile,2022-12-13,Yes,Low,20523.56,118,4.4,1.24853,10404.416666666666,-10119.143333333335,1.7137814870287458
39.0,156691.0,190961.59,721,12,Kolkata,Retail,Mobile,2022-09-12,Yes,Low,44788.17,100,3.0,1.56691,13057.583333333334,-31730.586666666662,1.2187144762621975
52.0,55651.0,78702.89,575,14,Pune,Retail,Mobile,2021-07-05,Yes,Medium,23445.84,28,7.2,0.55651,4637.583333333333,-18808.256666666668,1.4142223859409535
22.0,60488.0,6608.08,850,2,Bangalore,SME,Online,2022-10-01,No,High,30996.88,48,7.2,0.60488,5040.666666666667,-25956.213333333333,0.10924613146409205
72.0,167312.0,95491.23,337,5,Hyderabad,Retail,Agent,2024-04-15,No,High,16106.39,26,6.0,1.67312,13942.666666666666,-2163.7233333333334,0.5707374844601701
42.0,53380.0,151344.55801855895,841,6,Chennai,Corporate,Branch,2022-07-25,No,High,44575.9,89,9.4,0.5338,4448.333333333333,-40127.566666666666,2.8352296369156793
62.0,157970.0,74362.01,554,13,Mumbai,Retail,Branch,2025-08-27,No,Medium,7588.28,86,1.9,1.5797,13164.166666666666,5575.886666666666,0.47073501297714754
58.0,129101.0,298394.59,357,8,Chennai,SME,Agent,2022-10-26,No,High,3674.69,125,3.6,1.29101,10758.416666666666,7083.726666666666,2.311326713193546
64.0,149398.0,186611.87,668,12,Hyderabad,Corporate,Agent,2021-01-20,Yes,Medium,34965.04,106,8.5,1.49398,12449.833333333334,-22515.206666666665,1.2490921565215063
27.0,122136.0,69762.4,515,14,Chennai,Corporate,Online,2024-09-15,Yes,High,24625.17,133,3.4,1.22136,10178.0,-14447.169999999998,0.5711862186415143
72.0,212226.0,219724.16,439,7,Mumbai,Retail,Online,2024-06-28,No,High,2773.54,33,2.4,2.12226,17685.5,14911.96,1.035331015049994
45.0,140672.0,241976.8,651,1,Chennai,SME,Branch,2025-11-29,Yes,Medium,14799.92,13,2.4,1.40672,11722.666666666666,-3077.253333333334,1.7201489990900818
50.0,215864.0,101931.07,446,2,Kolkata,SME,Online,2023-06-25,Yes,High,43879.43,137,7.9,2.15864,17988.666666666668,-25890.763333333332,0.47220041322314055
49.0,92263.0,139383.95,300,0,Pune,Retail,Online,2023-08-24,No,High,14313.48,47,6.0,0.92263,7688.583333333333,-6624.8966666666665,1.510724233983287
75.0,189202.0,46296.47,495,11,Mumbai,Retail,Online,2022-06-26,Yes,High,36123.36,57,8.9,1.89202,15766.833333333334,-20356.526666666665,0.24469334362216044
68.0,134834.0,299863.18,846,7,Kolkata,Premium,Branch,2025-11-20,No,Low,27872.29,59,7.2,1.34834,11236.166666666666,-16636.123333333337,2.223943367399914
53.0,52624.0,265306.55,320,14,Mumbai,SME,Mobile,2025-06-12,Yes,High,40038.08,56,6.9,0.52624,4385.333333333333,-35652.746666666666,5.0415504332623895
70.0,151888.0,298405.25,686,14,Chennai,Corporate,Mobile,2025-10-25,Yes,Medium,8253.39,93,4.7,1.51888,12657.333333333334,4403.9433333333345,1.9646400637311703
24.0,121468.0,150143.19,591,3,Delhi,Retail,Branch,2023-06-02,No,Medium,20709.21,108,7.6,1.21468,10122.333333333334,-10586.876666666665,1.236071969572233
19.0,139994.0,215896.14,531,4,Mumbai,Retail,Online,2021-06-04,Yes,High,45513.34,136,6.8,1.39994,11666.166666666666,-33847.17333333333,1.5421813792019659
32.0,236968.0,248817.49,358,12,Mumbai,SME,Online,2025-12-04,Yes,High,18979.11,69,1.7,2.36968,19747.333333333332,768.2233333333315,1.050004599777185
41.0,188663.0,22698.33,547,8,Hyderabad,Retail,Branch,2023-09-30,No,High,32863.33,9,1.6,1.88663,15721.916666666666,-17141.413333333338,0.12031150782082338
42.0,165938.0,185558.12,829,0,Chennai,SME,Mobile,2024-02-02,Yes,Low,24312.83,15,5.605416666666668,1.65938,13828.166666666666,-10484.663333333336,1.1182376550277815
27.0,157197.0,273240.8,651,6,Mumbai,SME,Branch,2025-09-13,No,Medium,17860.57,79,3.5,1.57197,13099.75,-4760.82,1.738206199863865
47.0,120028.0,142938.38,616,8,Hyderabad,Premium,Agent,2022-03-01,Yes,Medium,24625.17,144,10.0,1.20028,10002.333333333334,-14622.836666666664,1.1908752957643216
27.0,207779.0,151344.55801855895,331,0,Delhi,Premium,Branch,2021-06-01,No,High,6575.63,76,5.605416666666668,2.07779,17314.916666666668,10739.286666666667,0.7283919838797903
43.0,109730.0,179187.73,818,8,Hyderabad,Premium,Branch,2023-04-27,No,Low,18393.18,76,4.2,1.0973,9144.166666666666,-9249.013333333334,1.6329876059418573
55.0,53141.0,69464.53,570,1,Hyderabad,Corporate,Agent,2021-08-10,Yes,High,24625.17,142,9.1,0.53141,4428.416666666667,-20196.75333333333,1.307173933497676
18.0,139914.0,68546.02,300,7,Pune,SME,Agent,2024-11-10,Yes,High,42124.0,12,9.5,1.39914,11659.5,-30464.5,0.4899153765884758
22.0,91912.0,199260.51,617,2,Chennai,Corporate,Mobile,2023-08-21,No,Medium,43137.45,3,6.5,0.91912,7659.333333333333,-35478.11666666666,2.167948798851075
61.0,217018.0,188245.97,545,12,Kolkata,Corporate,Online,2026-01-03,Yes,High,42061.41,64,5.8,2.17018,18084.833333333332,-23976.57666666667,0.8674209973366265
64.0,70272.0,180919.29,470,15,Mumbai,Premium,Mobile,2024-07-22,Yes,High,19119.29,29,3.8,0.70272,5856.0,-13263.29,2.574557291666667
61.0,89178.0,256266.57,617,14,Chennai,Premium,Online,2021-11-15,No,Medium,38202.91,45,4.4,0.89178,7431.5,-30771.410000000003,2.8736523582049385
21.0,192581.0,162760.31,352,4,Bangalore,Premium,Mobile,2024-09-16,Yes,High,44178.63,116,6.6,1.92581,16048.416666666666,-28130.213333333333,0.8451524812935856
48.0,218021.0,47603.66,389,0,Delhi,Corporate,Branch,2021-05-22,Yes,High,27689.11,45,6.5,2.18021,18168.416666666668,-9520.693333333333,0.21834437966984832
34.0,186099.0,25602.4,837,6,Kolkata,Retail,Branch,2021-12-07,No,Low,1928.47,139,7.8,1.86099,15508.25,13579.78,0.1375740869107303
34.0,97954.0,240061.9,802,14,Kolkata,SME,Branch,2023-07-19,Yes,Low,17696.17,78,4.5,0.97954,8162.833333333333,-9533.336666666666,2.4507615819670456
47.0,111516.0,184345.73,531,3,Delhi,Corporate,Online,2025-12-19,Yes,High,11130.59,65,3.0,1.11516,9293.0,-1837.5900000000001,1.653087718354317
35.0,174859.0,67883.73,629,7,Bangalore,Retail,Online,2022-08-16,No,Medium,5725.99,145,7.9,1.74859,14571.583333333334,8845.593333333334,0.38821982282867906
43.0,33438.0,103967.63,629,0,Mumbai,Retail,Mobile,2021-07-18,No,Medium,46708.34,45,7.4,0.33438,2786.5,-43921.84,3.109265805371135
47.0,147788.0,46810.74,725,5,Hyderabad,Corporate,Branch,2023-10-12,Yes,Low,1177.04,77,3.5,1.47788,12315.666666666666,11138.626666666667,0.3167424960077949
22.0,202235.0,113194.1,496,4,Pune,Corporate,Online,2021-07-18,Yes,High,40195.06,142,4.7,2.02235,16852.916666666668,-23342.14333333333,0.5597156773061043
38.0,42602.0,131561.55,330,4,Hyderabad,Retail,Mobile,2022-04-03,Yes,High,28274.95,138,8.5,0.42602,3550.1666666666665,-24724.783333333333,3.088154312004131
47.0,241739.0,250137.59,850,0,Bangalore,Premium,Agent,2021-09-17,No,Low,24625.17,10,7.3,2.41739,20144.916666666668,-4480.25333333333,1.0347423874509285
52.0,133821.0,57217.8,421,8,Chennai,SME,Branch,2023-04-17,Yes,High,12546.8,79,5.8,1.33821,11151.75,-1395.0499999999993,0.42756966395408796
47.0,139914.0,164008.9,705,3,Hyderabad,Retail,Agent,2024-01-06,Yes,Low,10926.96,112,3.5,1.39914,11659.5,732.5400000000009,1.1722122160755892
72.0,160509.0,151344.55801855895,829,3,Pune,SME,Online,2025-02-13,Yes,Low,6662.7,135,4.9,1.60509,13375.75,6713.05,0.9429038746647163
19.0,89674.0,94544.11,633,7,Delhi,SME,Mobile,2024-03-03,Yes,Medium,37848.9,40,3.2,0.89674,7472.833333333333,-30376.06666666667,1.0543090527912216
19.0,108310.0,117557.49,577,8,Hyderabad,Premium,Mobile,2025-09-04,No,Medium,29344.71,133,8.5,1.0831,9025.833333333334,-20318.876666666663,1.0853798356569109
45.0,55682.0,234615.23,458,1,Kolkata,Retail,Branch,2023-02-24,Yes,High,3263.99,138,7.3,0.55682,4640.166666666667,1376.1766666666672,4.2134842498473475
23.0,139914.0,215937.44,490,2,Pune,Premium,Mobile,2022-05-23,Yes,High,13133.95,62,1.2,1.39914,11659.5,-1474.4500000000007,1.5433583486999156
54.0,54984.0,171573.66,549,11,Hyderabad,Premium,Agent,2025-11-11,Yes,High,28154.73,146,1.4,0.54984,4582.0,-23572.73,3.1204288520296815
22.0,82775.0,224827.8,649,10,Delhi,SME,Branch,2025-05-02,Yes,Medium,36100.23,10,7.5,0.82775,6897.916666666667,-29202.313333333335,2.716131682271217
66.0,77142.0,243677.44,473,8,Delhi,Retail,Mobile,2022-03-11,No,High,24625.17,4,8.1,0.77142,6428.5,-18196.67,3.1588167275932695
51.0,201168.0,128886.86,405,12,Pune,Premium,Agent,2021-10-16,No,High,30022.3,148,2.3,2.01168,16764.0,-13258.3,0.6406926548954108
42.0,192807.0,222480.79,576,1,Hyderabad,Premium,Online,2025-08-20,Yes,Medium,20282.1,40,4.7,1.92807,16067.25,-4214.8499999999985,1.1539041113652513
71.0,139914.0,24607.11,563,8,Bangalore,Corporate,Online,2025-11-30,Yes,Medium,974.49,67,7.6,1.39914,11659.5,10685.01,0.17587310776619924
21.0,103002.0,237004.45,372,5,Unknown,SME,Mobile,2025-10-02,No,High,40691.14,35,6.9,1.03002,8583.5,-32107.64,2.3009693986524535
70.0,139914.0,52002.92,535,13,Bangalore,Premium,Mobile,2026-03-03,Yes,High,39459.3,53,6.5,1.39914,11659.5,-27799.800000000003,0.3716777449004388
59.0,138175.0,88184.73,312,4,Bangalore,Corporate,Online,2022-04-14,No,High,21389.26,30,6.4,1.38175,11514.583333333334,-9874.676666666664,0.6382104577528496
62.0,139914.0,202277.65,704,5,Bangalore,SME,Mobile,2021-01-21,No,Low,18130.26,125,5.605416666666668,1.39914,11659.5,-6470.759999999998,1.4457284474748773
55.0,211733.0,95266.37,413,13,Kolkata,Retail,Online,2026-01-26,Yes,High,43150.81,20,9.2,2.11733,17644.416666666668,-25506.39333333333,0.449936334912366
65.0,125734.0,282895.15,505,6,Delhi,SME,Agent,2022-01-25,Yes,High,19698.33,47,5.5,1.25734,10477.833333333334,-9220.496666666668,2.249949496556222
20.0,139914.0,195287.2,787,3,Delhi,Premium,Branch,2022-05-20,Yes,Low,40792.21,118,8.0,1.39914,11659.5,-29132.71,1.395765970524751
19.0,235129.0,79354.74,456,0,Mumbai,SME,Agent,2023-02-27,No,High,42512.45,54,7.7,2.35129,19594.083333333332,-22918.366666666665,0.3374944817525699
73.0,67080.0,28298.23,341,4,Mumbai,Premium,Agent,2022-06-14,Yes,High,32389.95,53,3.9,0.6708,5590.0,-26799.95,0.421857930828861
42.0,190814.0,282797.75,785,14,Bangalore,Corporate,Online,2022-09-04,Yes,Low,8600.27,46,1.6,1.90814,15901.166666666666,7300.896666666666,1.4820597545253493
26.0,142666.0,132017.41,686,1,Chennai,Retail,Agent,2022-05-15,No,Medium,7991.39,9,10.0,1.42666,11888.833333333334,3897.4433333333336,0.9253600016822509
21.0,200485.0,177904.35,739,11,Unknown,SME,Mobile,2024-10-25,Yes,Low,13733.56,63,4.2,2.00485,16707.083333333332,2973.5233333333326,0.8873698780457391
42.0,56910.0,63925.5,491,11,Hyderabad,Retail,Mobile,2023-10-10,No,High,27098.07,21,4.8,0.5691,4742.5,-22355.57,1.123273589878756
62.0,80506.0,59952.38,672,12,Hyderabad,SME,Agent,2023-04-01,Yes,Medium,42472.25,28,4.5,0.80506,6708.833333333333,-35763.416666666664,0.7446945569274339
61.0,204917.0,135037.01,422,10,Chennai,Retail,Mobile,2025-10-18,Yes,High,25274.5,91,10.0,2.04917,17076.416666666668,-8198.083333333332,0.6589839300790077
31.0,246178.0,102427.58,422,7,Bangalore,Corporate,Online,2024-02-03,No,High,49200.37,94,5.4,2.46178,20514.833333333332,-28685.53666666667,0.41607121676185527
54.0,135155.0,158914.19,452,15,Kolkata,SME,Branch,2021-03-30,Yes,High,21293.1,65,2.5,1.35155,11262.916666666666,-10030.183333333332,1.1757921645518108
47.0,146750.0,192845.67,849,7,Delhi,Premium,Branch,2025-01-06,Yes,Low,23120.53,15,5.0,1.4675,12229.166666666666,-10891.363333333333,1.3141101873935266
73.0,139914.0,165933.59,722,14,Pune,SME,Agent,2024-09-19,No,Low,3634.3,84,4.9,1.39914,11659.5,8025.2,1.1859684520491158
21.0,223747.0,179607.72,485,10,Hyderabad,Retail,Mobile,2023-01-06,No,High,14062.53,53,5.5,2.23747,18645.583333333332,4583.0533333333315,0.8027268298569367
36.0,51928.0,107500.4,366,5,Hyderabad,Retail,Branch,2021-09-16,No,High,14410.88,97,1.7,0.51928,4327.333333333333,-10083.546666666665,2.070181790171006
30.0,26177.0,80654.02,479,11,Chennai,Corporate,Online,2022-07-26,Yes,High,24625.17,87,6.2,0.26177,2181.4166666666665,-22443.75333333333,3.08110249455629
54.0,202953.0,152001.79,416,1,Bangalore,Corporate,Online,2024-12-22,Yes,High,31783.57,112,2.3,2.02953,16912.75,-14870.82,0.7489506930175952
23.0,139914.0,220208.93,639,11,Mumbai,Premium,Online,2024-08-01,No,Medium,14970.5,12,9.4,1.39914,11659.5,-3311.0,1.5738877453292737
18.0,26435.0,174066.46,525,4,Bangalore,Premium,Branch,2023-08-05,Yes,High,30630.09,32,7.8,0.26435,2202.9166666666665,-28427.173333333332,6.5846968034802345
57.0,139914.0,277514.15,735,11,Chennai,Premium,Mobile,2025-03-02,Yes,Low,11142.12,143,3.0,1.39914,11659.5,517.3799999999992,1.9834623411524224
20.0,125483.0,69616.72,741,6,Bangalore,Corporate,Branch,2024-05-21,Yes,Low,8900.81,50,8.2,1.25483,10456.916666666666,1556.1066666666666,0.5547900512420009
47.0,96229.0,164409.71,554,11,Chennai,Retail,Agent,2024-05-14,Yes,Medium,38691.72,79,8.3,0.96229,8019.083333333333,-30672.63666666667,1.7085256003907345
66.0,233330.0,213265.42,673,10,Pune,SME,Branch,2024-07-09,No,Medium,41695.18,89,1.9,2.3333,19444.166666666668,-22251.013333333332,0.91400771439592
45.0,41456.0,25290.39,677,15,Chennai,Retail,Agent,2024-02-16,Yes,Medium,41132.24,85,4.8,0.41456,3454.6666666666665,-37677.573333333334,0.6100537919722114
65.0,228532.0,109306.27,470,7,Delhi,Premium,Online,2021-11-13,No,High,42773.04,28,1.0,2.28532,19044.333333333332,-23728.70666666667,0.47829743755797877
35.0,231940.0,11425.89,420,14,Chennai,Retail,Branch,2024-12-08,No,High,13958.47,40,9.4,2.3194,19328.333333333332,5369.863333333333,0.049262266103302574
20.0,106121.0,202626.06,407,13,Hyderabad,Premium,Mobile,2021-03-03,Yes,High,6402.88,145,5.8,1.06121,8843.416666666666,2440.536666666666,1.9093870204766257
46.0,182795.0,263776.53,415,8,Delhi,SME,Agent,2026-02-26,Yes,High,17177.88,38,4.7,1.82795,15232.916666666666,-1944.963333333335,1.4430182991876146
75.0,137082.0,33362.62,497,11,Pune,SME,Mobile,2023-11-02,Yes,High,10643.34,140,1.6,1.37082,11423.5,780.1599999999999,0.24337710275601468
50.0,31368.0,227883.43,314,14,Kolkata,Corporate,Agent,2023-07-14,Yes,High,33257.38,25,7.6,0.31368,2614.0,-30643.379999999997,7.264837732721245
36.0,212772.0,64561.34,365,5,Unknown,SME,Branch,2024-10-28,Yes,High,33651.29,22,3.4,2.12772,17731.0,-15920.29,0.30342968059707104
52.0,113397.0,87343.27,616,8,Bangalore,SME,Online,2023-11-07,Yes,Medium,12668.44,76,9.6,1.13397,9449.75,-3218.6900000000005,0.7702432163108371
71.0,162660.0,82727.22,703,9,Chennai,Corporate,Agent,2023-06-21,Yes,Low,13015.27,142,4.6,1.6266,13555.0,539.7299999999996,0.5085898192548876
61.0,153046.0,130693.44,302,9,Kolkata,Corporate,Branch,2024-01-30,Yes,High,8619.98,13,7.8,1.53046,12753.833333333334,4133.853333333334,0.8539487474354116
46.0,81088.0,151344.55801855895,743,10,Bangalore,Corporate,Agent,2023-11-14,Yes,Low,43609.08,119,6.8,0.81088,6757.333333333333,-36851.746666666666,1.8664236140804922
39.0,165975.0,286209.94,343,6,Delhi,Premium,Agent,2023-05-10,No,High,11089.18,41,5.3,1.65975,13831.25,2742.0699999999997,1.724415966259979
73.0,219387.0,76278.37,741,12,Unknown,Premium,Online,2025-01-16,Yes,Low,5330.17,124,8.2,2.19387,18282.25,12952.08,0.3476886506493092
36.0,67668.0,263395.35,637,5,Bangalore,Premium,Agent,2024-06-14,Yes,Medium,16497.89,4,2.6,0.67668,5639.0,-10858.89,3.8924654194006028
58.0,179960.0,151344.55801855895,670,15,Pune,SME,Branch,2022-01-28,No,Medium,4344.46,100,6.1,1.7996,14996.666666666666,10652.206666666665,0.8409899867668312
44.0,107970.0,89530.47,765,9,Bangalore,SME,Agent,2023-11-06,No,Low,12618.04,19,7.2,1.0797,8997.5,-3620.540000000001,0.8292161711586552
54.0,163923.0,81535.95,468,14,Kolkata,Premium,Mobile,2023-08-24,Yes,High,46647.26,71,2.3,1.63923,13660.25,-32987.01,0.4974039640562947
47.0,28754.0,104118.71,316,11,Chennai,SME,Mobile,2023-08-24,Yes,High,6894.6,36,3.8,0.28754,2396.1666666666665,-4498.433333333334,3.6210165542185435
18.0,49826.0,272159.95,450,11,Bangalore,Premium,Online,2023-04-14,No,High,27311.25,30,9.2,0.49826,4152.166666666667,-23159.083333333332,5.462207482037491
18.0,237112.0,8255.76,425,3,Kolkata,Premium,Branch,2025-09-06,No,High,29828.08,64,6.7,2.37112,19759.333333333332,-10068.74666666667,0.03481797631499039
34.0,232888.0,191496.67,391,13,Mumbai,Corporate,Mobile,2024-09-21,No,High,31532.36,77,7.6,2.32888,19407.333333333332,-12125.026666666668,0.8222693741197487
58.0,139014.0,263802.31,381,13,Kolkata,Corporate,Mobile,2021-09-13,No,High,42546.4,22,3.8,1.39014,11584.5,-30961.9,1.8976672133741925
54.0,213856.0,169097.99,429,9,Unknown,Corporate,Mobile,2025-04-23,No,High,673.79,78,5.605416666666668,2.13856,17821.333333333332,17147.54333333333,0.7907095896304055
64.0,182584.0,151344.55801855895,703,0,Chennai,Corporate,Online,2022-10-28,Yes,Low,26128.16,114,4.7,1.82584,15215.333333333334,-10912.826666666666,0.8289037266056114
47.0,61877.0,54842.17,624,10,Bangalore,Premium,Branch,2024-08-16,Yes,Medium,19689.17,34,1.3,0.61877,5156.416666666667,-14532.75333333333,0.8863094526237536
50.0,104973.0,37606.94,633,1,Mumbai,Retail,Branch,2025-08-08,Yes,Medium,37879.58,134,4.6,1.04973,8747.75,-29131.83,0.35825345565050065
61.0,148786.0,50501.09,570,0,Delhi,Retail,Branch,2024-08-09,Yes,High,27008.53,135,3.7,1.48786,12398.833333333334,-14609.696666666665,0.3394209804685924
62.0,101971.0,165563.14,445,5,Kolkata,Premium,Online,2021-04-20,Yes,High,17025.18,132,5.1,1.01971,8497.583333333334,-8527.596666666666,1.6236296594129704
35.0,27356.0,55806.9,604,1,Unknown,Corporate,Mobile,2022-05-27,Yes,Medium,2231.63,110,6.7,0.27356,2279.6666666666665,48.036666666666406,2.0400241263342593
46.0,117241.0,177085.66,570,13,Hyderabad,Premium,Online,2025-05-03,Yes,Low,24625.17,126,8.6,1.17241,9770.083333333334,-14855.086666666664,1.5104413984868774
68.0,248180.0,151344.55801855895,471,3,Mumbai,Premium,Online,2025-04-13,No,High,19454.36,74,9.7,2.4818,20681.666666666668,1227.3066666666673,0.6098177049663911
52.0,44816.0,69075.28,744,6,Delhi,Premium,Mobile,2025-03-20,Yes,Low,3392.33,83,4.5,0.44816,3734.6666666666665,342.3366666666666,1.5413084612638344
64.0,36745.0,203216.2,570,1,Pune,Premium,Branch,2024-01-09,Yes,Low,2656.25,71,9.0,0.36745,3062.0833333333335,405.8333333333335,5.530444958497755
35.0,88936.0,4722.87,470,11,Hyderabad,SME,Mobile,2024-08-15,Yes,High,28574.65,16,9.4,0.88936,7411.333333333333,-21163.31666666667,0.05310414230457857
20.0,247084.0,176551.48,538,8,Kolkata,SME,Agent,2024-07-25,Yes,High,30981.73,63,8.1,2.47084,20590.333333333332,-10391.396666666667,0.7145403182723284
23.0,123989.0,50435.44,381,0,Bangalore,Premium,Branch,2025-07-20,Yes,High,5050.93,76,1.9,1.23989,10332.416666666666,5281.486666666666,0.4067735041011703
47.0,164544.0,12740.97,692,3,Chennai,Premium,Online,2021-03-09,Yes,High,21296.66,44,1.6,1.64544,13712.0,-7584.66,0.07743199387397899
43.0,169565.0,145745.23,325,2,Delhi,Premium,Branch,2023-08-24,Yes,High,16058.59,114,4.9,1.69565,14130.416666666666,-1928.173333333334,0.8595242532362222
70.0,227041.0,180957.65,568,0,Mumbai,Retail,Agent,2024-10-17,Yes,Medium,45631.02,90,6.4,2.27041,18920.083333333332,-26710.936666666665,0.7970263080236609
39.0,203686.0,275816.22,431,11,Delhi,Corporate,Branch,2025-08-01,Yes,High,7284.86,74,6.1,2.03686,16973.833333333332,9688.973333333332,1.354124583918384
34.0,137782.0,151344.55801855895,509,8,Hyderabad,Premium,Mobile,2024-07-25,Yes,High,19528.24,62,8.5,1.37782,11481.833333333334,-8046.406666666668,1.0984349045489175
54.0,122883.0,106038.22,574,6,Hyderabad,Premium,Agent,2024-05-06,Yes,Medium,49305.61,41,9.8,1.22883,10240.25,-39065.36,0.8629201761024715
75.0,156354.0,234484.64,401,13,Hyderabad,Premium,Branch,2022-08-28,Yes,High,2866.65,6,5.7,1.56354,13029.5,10162.85,1.4997034933548232
66.0,211368.0,151344.55801855895,350,4,Mumbai,SME,Branch,2024-06-22,No,High,31529.25,115,4.1,2.11368,17614.0,-13915.25,0.716023986689371
33.0,127747.0,149829.53,825,0,Mumbai,Retail,Online,2022-11-19,Yes,Low,11539.13,62,6.3,1.27747,10645.583333333334,-893.5466666666653,1.1728614370591872
47.0,246427.0,238345.69,734,3,Hyderabad,Retail,Agent,2024-05-20,Yes,Low,27113.6,134,5.5,2.46427,20535.583333333332,-6578.016666666666,0.9672060691401511
23.0,139914.0,205710.16,318,3,Mumbai,Premium,Branch,2023-01-10,No,High,14904.67,79,10.0,1.39914,11659.5,-3245.17,1.4702614463170234
40.0,82828.0,241489.12,661,11,Bangalore,Premium,Agent,2022-09-05,No,Medium,40774.58,76,6.5,0.82828,6902.333333333333,-33872.246666666666,2.9155493311440575
30.0,162710.0,13817.02,798,6,Hyderabad,Premium,Mobile,2026-01-29,Yes,High,24327.11,23,9.0,1.6271,13559.166666666666,-10767.943333333335,0.08491807510294389
69.0,166398.0,80690.41,683,13,Pune,Corporate,Branch,2022-11-26,Yes,Medium,22202.23,138,7.6,1.66398,13866.5,-8335.73,0.4849241577422806
68.0,177110.0,23042.23,328,13,Mumbai,Corporate,Mobile,2022-05-28,No,High,19161.17,27,5.2,1.7711,14759.166666666666,-4402.003333333332,0.13010123651967703
43.0,204272.0,44465.24,368,10,Hyderabad,Corporate,Mobile,2022-01-24,No,High,30335.13,41,2.7,2.04272,17022.666666666668,-13312.463333333333,0.21767662724210854
66.0,111795.0,59291.77,736,7,Chennai,Premium,Mobile,2024-05-08,Yes,Low,585.38,114,4.9,1.11795,9316.25,8730.87,0.5303615546312447
74.0,56174.0,151344.55801855895,466,10,Kolkata,Corporate,Agent,2023-12-28,No,High,14929.94,109,9.4,0.56174,4681.166666666667,-10248.773333333334,2.694210097528375
53.0,139914.0,138988.1,309,11,Mumbai,Corporate,Mobile,2025-02-17,Yes,High,43903.98,105,9.1,1.39914,11659.5,-32244.480000000003,0.9933823634518347
47.0,34885.0,165315.29,807,14,Hyderabad,Premium,Online,2021-02-22,Yes,Low,1263.04,53,4.8,0.34885,2907.0833333333335,1644.0433333333335,4.738864554966318
56.0,107503.0,1699.74,374,14,Mumbai,Retail,Agent,2025-07-11,Yes,High,4171.55,22,3.9,1.07503,8958.583333333334,4787.033333333334,0.01581109364389831
50.0,56750.0,258891.72,824,3,Hyderabad,Premium,Agent,2023-08-24,No,Low,11358.72,102,7.3,0.5675,4729.166666666667,-6629.553333333332,4.561968634361233
47.0,142360.0,124572.29,719,6,Delhi,SME,Online,2024-09-30,No,Low,2695.17,103,7.1,1.4236,11863.333333333334,9168.163333333334,0.8750512082045518
47.0,206098.0,224448.25,641,8,Hyderabad,Corporate,Mobile,2022-10-22,No,Medium,16741.12,44,4.2,2.06098,17174.833333333332,433.71333333333314,1.089036526312725
67.0,240048.0,214511.62,784,10,Kolkata,Retail,Online,2024-10-02,Yes,Low,24625.17,11,5.2,2.40048,20004.0,-4621.169999999998,0.893619692728121
20.0,160720.0,142020.26,634,8,Kolkata,Corporate,Online,2024-10-14,Yes,Medium,32161.03,92,3.1,1.6072,13393.333333333334,-18767.696666666663,0.8836501991040319
54.0,162653.0,282473.06,732,15,Pune,SME,Mobile,2024-06-13,No,Low,31552.56,100,5.2,1.62653,13554.416666666666,-17998.143333333333,1.7366606210767708
72.0,82804.0,151344.55801855895,407,4,Hyderabad,Premium,Online,2021-01-06,Yes,High,20861.64,110,1.7,0.82804,6900.333333333333,-13961.306666666667,1.8277445294739258
28.0,96626.0,120733.99,665,11,Chennai,Premium,Branch,2021-05-26,No,Medium,29507.81,116,6.7,0.96626,8052.166666666667,-21455.643333333333,1.2494979612112682
69.0,58142.0,45698.34,394,8,Pune,Corporate,Mobile,2025-10-10,No,High,37514.94,13,8.2,0.58142,4845.166666666667,-32669.773333333334,0.7859781225276048
68.0,214420.0,36609.15,797,7,Kolkata,Corporate,Branch,2021-08-11,Yes,Low,48398.53,56,6.5,2.1442,17868.333333333332,-30530.196666666667,0.17073570562447535
21.0,193484.0,151344.55801855895,845,13,Bangalore,Corporate,Online,2021-04-14,No,High,43052.37,76,7.6,1.93484,16123.666666666666,-26928.70333333334,0.7822070973235976
47.0,198895.0,203864.98,411,11,Kolkata,Retail,Agent,2021-09-19,Yes,High,24625.17,143,4.4,1.98895,16574.583333333332,-8050.586666666666,1.02498795847055
29.0,140357.0,208141.67,744,14,Mumbai,Corporate,Mobile,2025-03-28,No,Low,48178.53,8,6.1,1.40357,11696.416666666666,-36482.113333333335,1.482944705287232
56.0,78268.0,11394.47,738,1,Chennai,Retail,Mobile,2023-02-28,Yes,High,44383.27,23,6.1,0.78268,6522.333333333333,-37860.93666666666,0.14558274135023253
61.0,214139.0,45532.62,449,0,Delhi,SME,Agent,2023-01-25,Yes,High,24625.17,96,3.4,2.14139,17844.916666666668,-6780.25333333333,0.21263114145484943
45.0,60643.0,151344.55801855895,343,2,Mumbai,Retail,Online,2023-08-22,No,High,18873.12,43,6.9,0.60643,5053.583333333333,-13819.536666666667,2.49566410003725
54.0,116396.0,154155.22,631,14,Pune,Retail,Branch,2024-09-16,Yes,Medium,11349.63,9,9.1,1.16396,9699.666666666666,-1649.9633333333331,1.3244030722705247
57.0,125082.0,156585.9,773,9,Delhi,Retail,Branch,2021-06-14,No,Low,24625.17,3,4.9,1.25082,10423.5,-14201.669999999998,1.2518659759197965
31.0,64922.0,121370.6,555,9,Kolkata,Premium,Branch,2021-08-23,Yes,Medium,48132.76,60,9.2,0.64922,5410.166666666667,-42722.59333333334,1.8694833800560673
30.0,140395.0,151344.55801855895,392,14,Bangalore,Premium,Mobile,2023-08-24,Yes,High,24625.17,102,5.4,1.40395,11699.583333333334,-12925.586666666664,1.0779910824356917
71.0,47436.0,235261.85,487,14,Pune,Premium,Branch,2021-11-12,Yes,High,47327.11,89,9.3,0.47436,3953.0,-43374.11,4.959563411754785
61.0,84711.0,121417.52,832,4,Mumbai,Corporate,Branch,2024-03-02,Yes,Low,24625.17,27,8.6,0.84711,7059.25,-17565.92,1.4333146816824263
18.0,189685.0,66570.14,795,10,Hyderabad,Premium,Mobile,2024-08-27,Yes,Low,24625.17,26,2.1,1.89685,15807.083333333334,-8818.086666666664,0.3509509977067243
24.0,205302.0,95431.33,329,13,Bangalore,Premium,Mobile,2025-01-14,No,High,42376.07,71,3.3,2.05302,17108.5,-25267.57,0.46483390322549223
36.0,237133.0,90958.22,368,15,Kolkata,Corporate,Agent,2022-03-28,No,High,34153.71,41,6.2,2.37133,19761.083333333332,-14392.626666666667,0.38357470280391176
49.0,166521.0,108826.08,398,5,Mumbai,SME,Mobile,2025-12-23,No,High,40035.88,54,3.2,1.66521,13876.75,-26159.129999999997,0.6535276631776172
71.0,58397.0,217494.35,609,14,Unknown,Premium,Agent,2023-03-22,No,Medium,33263.58,20,8.3,0.58397,4866.416666666667,-28397.163333333334,3.7244096443310446
70.0,192823.0,156022.22,470,5,Mumbai,Corporate,Branch,2023-06-16,No,High,33771.36,83,7.8,1.92823,16068.583333333334,-17702.776666666665,0.8091473527535615
37.0,89028.0,91087.18,300,2,Pune,Retail,Agent,2022-03-09,Yes,High,25000.13,141,6.2,0.89028,7419.0,-17581.13,1.0231295772116638
25.0,41309.0,204658.16,738,10,Pune,Corporate,Agent,2025-03-24,Yes,Low,28968.07,134,6.1,0.41309,3442.4166666666665,-25525.653333333332,4.954323755113898
36.0,247374.0,217717.77,383,7,Delhi,Corporate,Mobile,2025-05-14,No,High,26156.6,33,6.1,2.47374,20614.5,-5542.0999999999985,0.8801158165369036
62.0,215747.0,86475.47,375,14,Chennai,Premium,Agent,2026-01-21,No,High,15186.96,31,7.4,2.15747,17978.916666666668,2791.9566666666688,0.4008188758128734
41.0,227053.0,2013.12,632,3,Delhi,Retail,Agent,2021-05-27,No,High,40652.23,52,3.4,2.27053,18921.083333333332,-21731.14666666667,0.008866299938780813
52.0,139914.0,118630.28,764,5,Hyderabad,SME,Agent,2021-04-25,Yes,Low,35877.03,54,4.5,1.39914,11659.5,-24217.53,0.8478799834183856
52.0,32531.0,204645.95,570,9,Pune,Corporate,Mobile,2025-03-09,Yes,Medium,23494.65,143,5.8,0.32531,2710.9166666666665,-20783.733333333334,6.290798008053857
34.0,170016.0,218839.13,719,15,Kolkata,Premium,Branch,2023-08-24,Yes,Low,26574.11,135,8.9,1.70016,14168.0,-12406.11,1.2871678547901375
53.0,169467.0,122289.86,721,14,Kolkata,Corporate,Branch,2021-11-09,No,Low,32914.15,120,5.605416666666668,1.69467,14122.25,-18791.9,0.7216145916314091
65.0,208651.0,33293.26,569,1,Delhi,Premium,Agent,2021-10-15,Yes,Medium,30380.4,140,2.8,2.08651,17387.583333333332,-12992.81666666667,0.15956434428782992
47.0,58243.0,217269.76,373,12,Mumbai,Premium,Mobile,2023-06-24,Yes,High,48174.18,35,9.6,0.58243,4853.583333333333,-43320.596666666665,3.730401249935615
52.0,82716.0,37314.85,723,5,Hyderabad,Premium,Agent,2023-08-24,No,Low,17254.79,54,9.5,0.82716,6893.0,-10361.79,0.45112009768364036
20.0,57602.0,27981.43,745,0,Kolkata,Premium,Branch,2024-01-04,Yes,Low,29482.95,138,4.2,0.57602,4800.166666666667,-24682.783333333333,0.4857718481997153
25.0,154350.0,74931.65,794,5,Delhi,SME,Agent,2025-11-19,Yes,Low,44786.05,138,6.1,1.5435,12862.5,-31923.550000000003,0.4854658244250081
62.0,90450.0,271067.53,512,5,Hyderabad,Premium,Mobile,2023-08-24,Yes,High,3584.73,66,6.6,0.9045,7537.5,3952.77,2.996877059148701
47.0,139914.0,142945.02,457,13,Pune,Corporate,Online,2025-01-13,Yes,High,9024.81,128,8.7,1.39914,11659.5,2634.6900000000005,1.0216634504052489
38.0,233029.0,151344.55801855895,476,9,Hyderabad,Premium,Online,2023-09-22,Yes,High,9835.65,68,6.0,2.33029,19419.083333333332,9583.433333333332,0.64946662440537
50.0,246946.0,45475.29,740,15,Delhi,SME,Branch,2022-10-07,Yes,Low,47065.5,102,3.1,2.46946,20578.833333333332,-26486.666666666668,0.1841507455071149
74.0,67821.0,151344.55801855895,554,8,Pune,Corporate,Online,2022-01-26,Yes,Medium,28066.09,145,4.7,0.67821,5651.75,-22414.34,2.231529438058403
29.0,162069.0,183231.22,673,2,Kolkata,SME,Agent,2024-09-18,Yes,Medium,33241.32,20,3.4,1.62069,13505.75,-19735.57,1.1305753722180059
31.0,79245.0,44508.1,324,6,Bangalore,Premium,Online,2025-12-24,Yes,High,5314.08,16,1.4,0.79245,6603.75,1289.67,0.5616518392327592
35.0,30774.0,71143.34,570,14,Hyderabad,Premium,Agent,2022-08-24,Yes,High,4077.46,123,1.2,0.30774,2564.5,-1512.96,2.31180022096575
63.0,139914.0,121803.54,357,3,Hyderabad,Premium,Branch,2025-04-02,Yes,High,12733.68,60,7.1,1.39914,11659.5,-1074.1800000000003,0.8705600583215404
65.0,121774.0,227550.56,327,9,Bangalore,Retail,Online,2024-03-05,No,High,28097.15,129,9.0,1.21774,10147.833333333334,-17949.316666666666,1.8686300852398705
20.0,139914.0,292611.98,708,3,Pune,Corporate,Branch,2022-09-01,Yes,Low,46422.75,137,2.2,1.39914,11659.5,-34763.25,2.091370270308904
53.0,139914.0,294571.71,564,10,Kolkata,Corporate,Agent,2022-08-29,Yes,Medium,41280.11,28,1.8,1.39914,11659.5,-29620.61,2.1053769458381577
58.0,80147.0,124843.61,808,1,Chennai,SME,Online,2024-04-22,Yes,Low,44512.68,121,4.5,0.80147,6678.916666666667,-37833.763333333336,1.5576828827030331
75.0,248563.0,101190.85,378,6,Delhi,Premium,Mobile,2022-03-30,Yes,High,15159.65,61,6.2,2.48563,20713.583333333332,5553.9333333333325,0.4071034305186211
47.0,34496.0,151344.55801855895,570,7,Hyderabad,Premium,Agent,2021-05-26,No,Low,12962.09,117,8.0,0.34496,2874.6666666666665,-10087.423333333334,4.3873074564749235
52.0,154992.0,222759.25,409,13,Mumbai,Premium,Agent,2024-03-25,No,High,5036.09,102,4.9,1.54992,12916.0,7879.91,1.4372306312583876
40.0,119377.0,83346.62,850,2,Mumbai,Premium,Agent,2024-10-17,Yes,Low,20846.61,139,8.8,1.19377,9948.083333333334,-10898.526666666667,0.6981798838972331
57.0,156717.0,237156.15,653,12,Unknown,Premium,Mobile,2025-03-11,Yes,Medium,10410.94,76,8.9,1.56717,13059.75,2648.8099999999995,1.5132764792587914
55.0,180331.0,126228.36,508,9,Pune,Corporate,Mobile,2021-02-01,Yes,High,48261.71,1,7.7,1.80331,15027.583333333334,-33234.12666666666,0.6999814785034187
28.0,219555.0,10100.75,680,10,Pune,Corporate,Mobile,2023-06-17,Yes,High,16013.58,31,3.1,2.19555,18296.25,2282.67,0.046005556694222405
56.0,166178.0,245175.69,308,14,Chennai,Premium,Branch,2025-10-04,Yes,High,14766.77,111,4.9,1.66178,13848.166666666666,-918.6033333333344,1.475379954025202
20.0,87032.0,278430.55,791,15,Mumbai,SME,Agent,2023-08-20,No,Low,40010.06,56,2.7,0.87032,7252.666666666667,-32757.39333333333,3.1991744415847045
37.0,137755.0,166397.2,453,4,Hyderabad,Premium,Branch,2021-02-13,No,High,47319.3,19,9.3,1.37755,11479.583333333334,-35839.71666666667,1.2079213095713406
64.0,224648.0,22212.67,460,15,Mumbai,Corporate,Mobile,2024-09-21,Yes,High,34613.28,34,8.3,2.24648,18720.666666666668,-15892.613333333331,0.09887766639364694
29.0,118680.0,245408.02,484,8,Mumbai,Corporate,Branch,2023-08-01,Yes,High,33482.11,31,6.6,1.1868,9890.0,-23592.11,2.067812773845635
47.0,60262.0,209182.63,786,4,Pune,Premium,Agent,2022-05-22,Yes,Low,13888.22,29,4.1,0.60262,5021.833333333333,-8866.386666666665,3.471219508147755
47.0,190268.0,279696.83,624,14,Kolkata,Premium,Agent,2023-08-24,Yes,Medium,40245.03,53,3.2,1.90268,15855.666666666666,-24389.363333333335,1.4700150839867976
22.0,34077.0,146355.36,719,2,Mumbai,Corporate,Mobile,2021-03-07,No,Low,15990.81,124,6.8,0.34077,2839.75,-13151.06,4.294842855885201
48.0,120457.0,179032.93,509,15,Kolkata,SME,Branch,2025-11-23,Yes,High,30010.06,1,3.1,1.20457,10038.083333333334,-19971.97666666667,1.486280830503831
66.0,35526.0,296297.88,691,12,Pune,Corporate,Mobile,2025-09-17,Yes,Medium,45383.75,131,6.3,0.35526,2960.5,-42423.25,8.340310758317852
69.0,181755.0,169495.31,498,0,Delhi,Corporate,Online,2025-05-26,No,High,29926.46,77,3.3,1.81755,15146.25,-14780.21,0.932548265522269
31.0,244861.0,139747.73,492,1,Bangalore,Retail,Online,2022-01-27,Yes,High,24625.17,62,6.1,2.44861,20405.083333333332,-4220.086666666666,0.5707226957334979
45.0,29895.0,213888.0,745,9,Mumbai,Retail,Mobile,2023-04-15,No,Low,1606.17,23,7.1,0.29895,2491.25,885.0799999999999,7.154641244355243
47.0,193918.0,222924.46,667,9,Pune,Premium,Branch,2025-03-12,Yes,Medium,36577.29,113,3.7,1.93918,16159.833333333334,-20417.456666666665,1.149581060035685
61.0,48567.0,92258.94,403,13,Chennai,Premium,Mobile,2025-06-24,Yes,High,37951.82,103,7.6,0.48567,4047.25,-33904.57,1.8996219655321516
24.0,111661.0,38245.7,438,1,Chennai,SME,Mobile,2023-08-24,Yes,High,9402.48,27,5.2,1.11661,9305.083333333334,-97.39666666666562,0.3425161873886137
22.0,35382.0,23292.23,557,4,Mumbai,Retail,Mobile,2025-03-11,No,Medium,9386.65,1,1.8,0.35382,2948.5,-6438.15,0.6583073314114521
72.0,37289.0,35547.71,640,1,Pune,Retail,Mobile,2022-11-08,Yes,Medium,26631.54,145,6.6,0.37289,3107.4166666666665,-23524.123333333333,0.9533028507066427
74.0,110553.0,72114.72,387,8,Pune,Corporate,Branch,2026-02-13,Yes,High,11274.46,143,3.8,1.10553,9212.75,-2061.709999999999,0.6523090282488943
44.0,85428.0,55611.83,666,9,Hyderabad,Premium,Online,2025-12-31,Yes,Medium,31872.53,128,3.9,0.85428,7119.0,-24753.53,0.6509789530364751
47.0,185237.0,231453.62,555,10,Mumbai,SME,Mobile,2025-06-03,Yes,Medium,25070.04,120,2.7,1.85237,15436.416666666666,-9633.623333333335,1.2494999379173708
57.0,185878.0,197424.78,656,8,Pune,Premium,Agent,2026-03-08,Yes,Medium,24625.17,147,8.3,1.85878,15489.833333333334,-9135.336666666664,1.0621202078782856
18.0,148395.0,163448.3,836,7,Pune,SME,Mobile,2024-04-12,Yes,Low,24625.17,76,5.0,1.48395,12366.25,-12258.919999999998,1.1014407493513931
42.0,181570.0,256411.04,815,12,Delhi,Premium,Agent,2021-05-03,Yes,Low,4999.5,74,2.1,1.8157,15130.833333333334,10131.333333333334,1.4121883571074516
28.0,51715.0,4388.48,635,1,Kolkata,SME,Agent,2025-05-22,Yes,High,47865.98,17,8.8,0.51715,4309.583333333333,-43556.39666666667,0.08485893841245286
58.0,229872.0,236829.66,509,4,Pune,Corporate,Branch,2021-05-12,Yes,High,37995.38,135,1.6,2.29872,19156.0,-18839.379999999997,1.030267540196283
64.0,67828.0,154083.31,380,7,Pune,Corporate,Mobile,2025-03-20,Yes,High,8907.05,72,9.2,0.67828,5652.333333333333,-3254.7166666666662,2.271677036032317
29.0,50537.0,228744.87,845,13,Kolkata,Corporate,Agent,2021-02-18,Yes,Low,4655.61,138,6.0,0.50537,4211.416666666667,-444.1933333333327,4.5262850980469755
21.0,144273.0,69611.95,355,9,Bangalore,Retail,Online,2024-05-23,Yes,High,46794.89,46,5.6,1.44273,12022.75,-34772.14,0.4825015768716253
57.0,185381.0,227239.33,801,3,Bangalore,Premium,Mobile,2023-05-01,No,Low,12722.37,36,1.2,1.85381,15448.416666666666,2726.0466666666653,1.2257962250716092
72.0,44446.0,185771.71,630,12,Bangalore,Premium,Online,2023-08-24,Yes,Medium,48312.2,141,4.7,0.44446,3703.8333333333335,-44608.36666666666,4.179717184898529
75.0,54165.0,232171.87,505,9,Delhi,Premium,Mobile,2025-12-11,No,High,4653.18,77,10.0,0.54165,4513.75,-139.4300000000003,4.286381796362965
62.0,233033.0,147425.45,827,7,Chennai,SME,Branch,2024-01-05,Yes,Low,25639.17,87,5.3,2.33033,19419.416666666668,-6219.75333333333,0.6326376521780177
40.0,162701.0,109233.83,411,14,Delhi,Premium,Mobile,2023-03-22,No,High,9654.79,123,8.7,1.62701,13558.416666666666,3903.626666666665,0.671377741992981
49.0,111544.0,282054.96,506,13,Mumbai,Retail,Online,2025-10-12,Yes,High,13085.49,92,9.1,1.11544,9295.333333333334,-3790.156666666666,2.5286430466900955
66.0,139914.0,114774.1,386,12,Unknown,Retail,Online,2022-03-22,Yes,High,24625.17,141,6.4,1.39914,11659.5,-12965.669999999998,0.8203189101876868
40.0,153232.0,153504.42,446,4,Delhi,Retail,Agent,2021-11-30,No,High,39602.44,102,2.8,1.53232,12769.333333333334,-26833.106666666667,1.0017778270857263
71.0,226207.0,71747.63,686,13,Bangalore,Premium,Agent,2025-12-29,Yes,Medium,36836.17,112,6.9,2.26207,18850.583333333332,-17985.586666666666,0.31717687781545223
41.0,71305.0,133358.48,787,3,Bangalore,Retail,Branch,2026-02-14,Yes,Low,4335.62,51,2.3,0.71305,5942.083333333333,1606.4633333333331,1.8702542598695746
31.0,51029.0,70511.16,728,7,Delhi,Corporate,Agent,2022-06-23,Yes,Low,11254.24,148,4.4,0.51029,4252.416666666667,-7001.823333333333,1.3817860432303202
52.0,109878.0,171194.89,523,8,Delhi,Retail,Branch,2021-04-13,No,High,4054.47,121,3.3,1.09878,9156.5,5102.030000000001,1.5580451955805532
48.0,33787.0,132709.96,801,3,Delhi,Retail,Mobile,2022-07-27,Yes,Low,19868.2,76,2.5,0.33787,2815.5833333333335,-17052.61666666667,3.927840885547696
62.0,132803.0,278598.09,429,10,Kolkata,Premium,Agent,2022-03-13,No,High,24625.17,39,9.2,1.32803,11066.916666666666,-13558.253333333332,2.0978297930016643
47.0,106768.0,171792.86,590,9,Bangalore,Corporate,Mobile,2023-08-24,No,Medium,31999.23,116,1.6,1.06768,8897.333333333334,-23101.896666666667,1.6090294844897346
28.0,64310.0,199543.86,514,1,Hyderabad,Corporate,Branch,2023-08-24,Yes,High,25569.83,53,8.4,0.6431,5359.166666666667,-20210.663333333334,3.1028434147099984
38.0,125689.0,151344.55801855895,760,14,Hyderabad,Premium,Online,2025-02-11,Yes,Low,9734.62,88,4.0,1.25689,10474.083333333334,739.4633333333331,1.2041193582458207
22.0,91314.0,89422.7,631,1,Delhi,Corporate,Agent,2023-01-04,Yes,Medium,35773.93,114,5.3,0.91314,7609.5,-28164.43,0.9792879514641785
59.0,145312.0,162300.87,710,1,Hyderabad,Retail,Agent,2021-09-06,No,Low,22930.25,125,2.4,1.45312,12109.333333333334,-10820.916666666666,1.116913056044924
49.0,150818.0,217688.16,845,6,Hyderabad,Corporate,Mobile,2023-08-24,No,Low,46827.33,80,7.6,1.50818,12568.166666666666,-34259.16333333334,1.4433831505523214
49.0,73320.0,115896.95,683,4,Kolkata,Retail,Branch,2021-06-04,No,Medium,40945.7,44,6.0,0.7332,6110.0,-34835.7,1.580700354609929
47.0,249695.0,179736.18,801,6,Kolkata,Corporate,Agent,2023-05-15,No,Low,24625.17,140,9.0,2.49695,20807.916666666668,-3817.2533333333304,0.7198229039428102
47.0,195515.0,251479.61,483,11,Hyderabad,SME,Online,2023-08-24,No,High,24625.17,93,3.3,1.95515,16292.916666666666,-8332.253333333332,1.2862420274659232
22.0,135169.0,120282.53,413,15,Hyderabad,Premium,Mobile,2022-05-27,Yes,High,5982.05,76,1.8,1.35169,11264.083333333334,5282.033333333334,0.8898677211490801
48.0,52044.0,164171.26,495,14,Mumbai,Premium,Agent,2024-11-12,Yes,High,42942.03,57,3.0,0.52044,4337.0,-38605.03,3.154470448082392
47.0,202109.0,151344.55801855895,580,0,Chennai,SME,Online,2023-08-24,Yes,Medium,29866.34,126,7.6,2.02109,16842.416666666668,-13023.923333333332,0.7488264155409158
31.0,240971.0,181155.29,609,14,Bangalore,Premium,Agent,2025-08-16,No,Medium,20530.44,2,3.9,2.40971,20080.916666666668,-449.5233333333308,0.7517721634553536
44.0,135454.0,83923.79,729,0,Pune,Premium,Online,2022-12-23,Yes,Low,21657.05,105,5.8,1.35454,11287.833333333334,-10369.216666666665,0.6195740989561032
23.0,45609.0,264498.74,845,3,Kolkata,Premium,Mobile,2023-12-30,No,Low,24625.17,73,5.0,0.45609,3800.75,-20824.42,5.799266372865005
55.0,224083.0,151344.55801855895,771,12,Hyderabad,SME,Branch,2022-10-12,No,Low,43187.83,6,1.4,2.24083,18673.583333333332,-24514.24666666667,0.6753950902949307
47.0,76631.0,67809.96,511,6,Hyderabad,Retail,Agent,2025-11-10,Yes,High,43106.06,125,5.4,0.76631,6385.916666666667,-36720.14333333333,0.8848894050710548
66.0,158715.0,66918.62,383,14,Delhi,Retail,Online,2024-01-18,Yes,High,12109.93,68,4.5,1.58715,13226.25,1116.3199999999997,0.42162757143307183
28.0,92155.0,189671.45,558,12,Delhi,Premium,Mobile,2021-05-23,Yes,Medium,47387.74,70,5.605416666666668,0.92155,7679.583333333333,-39708.15666666666,2.0581786121208836
75.0,226039.0,9257.37,413,13,Pune,Premium,Online,2025-02-01,Yes,High,25241.2,73,5.6,2.26039,18836.583333333332,-6404.616666666669,0.04095474674724273
72.0,177499.0,291222.65,478,13,Pune,Premium,Branch,2024-09-04,Yes,High,43628.01,19,10.0,1.77499,14791.583333333334,-28836.426666666666,1.6407002292970665
21.0,244625.0,281132.68,777,10,Pune,Corporate,Mobile,2021-10-23,Yes,Low,45478.45,27,9.4,2.44625,20385.416666666668,-25093.03333333333,1.1492393663771079
32.0,171150.0,88521.7,384,4,Hyderabad,Retail,Mobile,2025-09-06,Yes,High,48868.69,125,9.9,1.7115,14262.5,-34606.19,0.5172170610575518
45.0,218783.0,151344.55801855895,319,13,Kolkata,Corporate,Agent,2021-10-11,No,High,26342.64,33,2.2,2.18783,18231.916666666668,-8110.7233333333315,0.691756480250106
54.0,183562.0,198902.2,671,0,Chennai,Premium,Agent,2023-09-04,Yes,Medium,29352.03,40,6.6,1.83562,15296.833333333334,-14055.196666666665,1.0835695841187174
18.0,132522.0,44880.43,814,3,Mumbai,Retail,Mobile,2022-01-31,No,Low,15886.88,37,10.0,1.32522,11043.5,-4843.379999999999,0.33866399541208253
47.0,88278.0,178242.56,702,8,Bangalore,Retail,Branch,2024-08-19,Yes,Low,1455.31,105,8.3,0.88278,7356.5,5901.1900000000005,2.0191050997983644
56.0,195604.0,185174.71,454,15,Mumbai,Premium,Online,2023-05-21,Yes,High,46418.1,81,8.7,1.95604,16300.333333333334,-30117.766666666663,0.9466816118279789
47.0,220113.0,79201.3,361,9,Pune,Premium,Agent,2024-06-03,Yes,High,24625.17,68,3.0,2.20113,18342.75,-6282.419999999998,0.35982109189370914
33.0,114152.0,151344.55801855895,396,15,Chennai,Corporate,Branch,2024-12-07,Yes,High,17335.39,77,2.5,1.14152,9512.666666666666,-7822.723333333333,1.325816087484748
43.0,77326.0,151344.55801855895,570,13,Mumbai,Premium,Agent,2022-04-17,Yes,Medium,5494.0,111,8.0,0.77326,6443.833333333333,949.833333333333,1.9572272976561436
46.0,78072.0,81885.0,637,4,Hyderabad,SME,Branch,2022-09-29,Yes,Medium,28874.54,46,3.6,0.78072,6506.0,-22368.54,1.04883953273901
45.0,139914.0,153685.43,665,2,Chennai,Premium,Agent,2025-09-06,Yes,Medium,46361.78,26,1.4,1.39914,11659.5,-34702.28,1.0984278199465385
56.0,74678.0,292553.99,356,12,Pune,Retail,Agent,2026-02-05,Yes,High,40760.49,37,9.3,0.74678,6223.166666666667,-34537.323333333334,3.917539168161975
27.0,117124.0,227805.31,638,8,Pune,Premium,Online,2025-11-10,Yes,Medium,7932.61,108,1.2,1.17124,9760.333333333334,1827.7233333333343,1.9449925719750008
68.0,109082.0,240106.46,545,1,Pune,Corporate,Mobile,2021-11-23,Yes,High,24625.17,71,4.5,1.09082,9090.166666666666,-15535.003333333332,2.201155644377624
35.0,47010.0,38332.4,622,9,Chennai,SME,Agent,2023-04-16,Yes,Medium,47851.73,148,8.9,0.4701,3917.5,-43934.23,0.8154094873431185
22.0,27261.0,136614.94,433,5,Chennai,Premium,Agent,2024-01-29,No,High,26329.88,54,4.5,0.27261,2271.75,-24058.13,5.011369355489527
56.0,139914.0,250644.07,433,3,Delhi,Retail,Mobile,2022-10-09,Yes,High,25287.39,107,5.9,1.39914,11659.5,-13627.89,1.7914152264962764
33.0,95910.0,202110.52,368,11,Hyderabad,Premium,Agent,2024-01-12,Yes,High,20770.07,29,9.6,0.9591,7992.5,-12777.57,2.107293504326973
47.0,201422.0,22915.48,471,12,Hyderabad,Corporate,Branch,2022-08-31,Yes,High,13678.3,140,1.7,2.01422,16785.166666666668,3106.8666666666686,0.11376850592288826
74.0,99813.0,238952.56,499,7,Mumbai,SME,Agent,2021-08-14,Yes,High,44088.83,142,3.1,0.99813,8317.75,-35771.08,2.394002384458938
47.0,39849.0,35868.6,670,0,Pune,Premium,Mobile,2025-06-04,Yes,Medium,25810.56,123,8.1,0.39849,3320.75,-22489.81,0.9001129262967703
64.0,139914.0,255894.6,625,6,Unknown,Premium,Branch,2022-12-14,Yes,Medium,15260.77,67,7.2,1.39914,11659.5,-3601.2700000000004,1.8289420644109953
67.0,223241.0,14035.75,570,1,Kolkata,Retail,Agent,2024-10-13,Yes,High,13320.42,36,2.2,2.23241,18603.416666666668,5282.996666666668,0.06287263540299497
44.0,224950.0,62192.7,474,14,Mumbai,Retail,Online,2022-03-26,No,High,5505.7,39,5.3,2.2495,18745.833333333332,13240.133333333331,0.2764734385418982
64.0,232738.0,74139.47,430,8,Pune,Premium,Mobile,2022-09-09,Yes,High,35576.71,137,7.0,2.32738,19394.833333333332,-16181.876666666667,0.31855335183768874
20.0,244724.0,246429.6,436,11,Chennai,SME,Mobile,2023-08-24,Yes,High,21594.5,136,8.1,2.44724,20393.666666666668,-1200.8333333333321,1.0069694839901278
39.0,52766.0,228868.0,365,3,Mumbai,Premium,Online,2026-02-20,Yes,High,44485.33,80,6.5,0.52766,4397.166666666667,-40088.16333333334,4.337414244020771
24.0,75669.0,95895.62,414,0,Bangalore,Premium,Online,2025-10-26,Yes,High,24672.74,138,8.7,0.75669,6305.75,-18366.99,1.267303915738281
47.0,57174.0,231134.17,840,6,Pune,Retail,Branch,2023-10-29,No,Low,48493.82,120,4.9,0.57174,4764.5,-43729.32,4.042644733620177
46.0,134458.0,56741.73,538,11,Delhi,Premium,Online,2024-11-21,No,High,6458.96,89,5.605416666666668,1.34458,11204.833333333334,4745.873333333334,0.4220033765190617
52.0,188730.0,125954.61,690,12,Kolkata,Retail,Online,2025-07-06,Yes,Medium,38337.76,139,1.4,1.8873,15727.5,-22610.260000000002,0.6673799078048005
47.0,137418.0,157726.87,621,6,Mumbai,Corporate,Agent,2025-12-20,Yes,Medium,13110.56,75,2.6,1.37418,11451.5,-1659.0599999999995,1.1477890087179263
74.0,120673.0,236030.85,318,13,Hyderabad,SME,Branch,2023-07-11,No,High,10032.52,73,7.1,1.20673,10056.083333333334,23.563333333333503,1.9559541073811044
66.0,157632.0,190301.92,660,15,Mumbai,Premium,Online,2025-10-31,Yes,Medium,24625.17,118,6.4,1.57632,13136.0,-11489.169999999998,1.2072543645960212
52.0,180072.0,48761.4,536,5,Hyderabad,SME,Agent,2021-07-23,No,High,48806.72,3,7.8,1.80072,15006.0,-33800.72,0.2707883513261362
68.0,187962.0,151344.55801855895,697,15,Delhi,SME,Branch,2025-06-19,No,Medium,7660.42,80,7.8,1.87962,15663.5,8003.08,0.8051869953424573
43.0,216703.0,123328.08,438,6,Hyderabad,Retail,Branch,2021-03-01,Yes,High,28300.81,107,5.605416666666668,2.16703,18058.583333333332,-10242.22666666667,0.5691110875253227
68.0,122539.0,211990.28,481,9,Bangalore,Corporate,Online,2023-02-08,No,High,29268.67,111,3.7,1.22539,10211.583333333334,-19057.086666666662,1.7299821281387966
18.0,223652.0,195884.9,604,12,Kolkata,Premium,Online,2025-03-08,Yes,Medium,29525.02,50,8.8,2.23652,18637.666666666668,-10887.353333333333,0.8758468513583603
43.0,66800.0,235050.02,548,7,Pune,Retail,Mobile,2022-12-08,No,High,11039.41,65,4.3,0.668,5566.666666666667,-5472.743333333333,3.518712874251497
37.0,178335.0,63265.87,372,3,Chennai,Premium,Online,2023-02-23,Yes,High,44169.51,10,2.4,1.78335,14861.25,-29308.260000000002,0.35475857234979113
64.0,48705.0,283399.72,824,3,Pune,Retail,Online,2025-10-29,No,Low,23116.28,140,5.6,0.48705,4058.75,-19057.53,5.818698696232419
59.0,71733.0,139144.27,319,2,Delhi,Premium,Agent,2025-04-17,Yes,High,23625.12,136,5.2,0.71733,5977.75,-17647.37,1.9397525546122425
26.0,140374.0,298457.39,440,14,Mumbai,Corporate,Mobile,2026-02-14,Yes,High,22841.13,66,8.2,1.40374,11697.833333333334,-11143.296666666667,2.1261586191175006
50.0,143154.0,242958.06,313,2,Chennai,SME,Mobile,2022-10-06,Yes,High,16749.48,137,6.4,1.43154,11929.5,-4819.98,1.697179680623664
37.0,33946.0,292377.54,584,13,Delhi,Premium,Branch,2021-07-11,No,Medium,18258.7,57,4.2,0.33946,2828.8333333333335,-15429.866666666667,8.613018912390267
30.0,120286.0,187896.71,850,11,Bangalore,SME,Mobile,2021-07-06,Yes,Low,2161.18,118,1.1,1.20286,10023.833333333334,7862.653333333334,1.5620829522970254
26.0,184033.0,12687.52,508,14,Bangalore,Corporate,Branch,2023-05-18,Yes,High,24625.17,101,5.605416666666668,1.84033,15336.083333333334,-9289.086666666664,0.06894154852662294
60.0,35800.0,85709.88,846,8,Bangalore,Premium,Agent,2021-07-25,Yes,Low,6985.22,6,6.4,0.358,2983.3333333333335,-4001.8866666666668,2.3941307262569835
60.0,202643.0,31901.19,744,0,Chennai,Premium,Mobile,2026-01-16,No,Low,24625.17,65,2.2,2.02643,16886.916666666668,-7738.25333333333,0.15742557107820157
56.0,153775.0,199985.13,312,13,Hyderabad,Premium,Online,2021-10-30,Yes,High,23727.62,124,2.4,1.53775,12814.583333333334,-10913.036666666665,1.3005048284831735
41.0,156234.0,168173.94,498,5,Hyderabad,Premium,Agent,2025-01-26,Yes,High,41479.58,110,4.5,1.56234,13019.5,-28460.08,1.0764234417604364
66.0,89315.0,201202.66,704,1,Delhi,Retail,Branch,2024-09-29,Yes,Low,28243.44,140,6.5,0.89315,7442.916666666667,-20800.52333333333,2.2527308962660246
71.0,230977.0,119468.34,624,4,Delhi,Premium,Online,2026-01-25,Yes,Medium,7418.7,133,9.3,2.30977,19248.083333333332,11829.383333333331,0.5172304601756885
27.0,124304.0,117547.19,784,8,Delhi,Corporate,Branch,2023-04-24,Yes,Low,40116.08,33,7.6,1.24304,10358.666666666666,-29757.413333333338,0.9456428594413696
25.0,53803.0,95394.77,316,14,Pune,Premium,Branch,2023-04-03,Yes,High,24625.17,55,4.3,0.53803,4483.583333333333,-20141.586666666666,1.7730381205508987
38.0,139914.0,259039.72,801,2,Hyderabad,Premium,Branch,2025-04-12,No,Low,24625.17,17,5.3,1.39914,11659.5,-12965.669999999998,1.8514210157668283
33.0,94252.0,117226.55,469,14,Chennai,Corporate,Mobile,2023-01-29,Yes,High,6155.3,80,8.2,0.94252,7854.333333333333,1699.0333333333328,1.2437566311590205
18.0,86929.0,265312.96,701,4,Chennai,Corporate,Branch,2026-01-13,Yes,Low,29858.74,55,8.3,0.86929,7244.083333333333,-22614.65666666667,3.0520650185783804
20.0,188399.0,184193.84,823,13,Hyderabad,Premium,Agent,2022-07-18,Yes,Low,35224.15,16,6.8,1.88399,15699.916666666666,-19524.233333333337,0.9776794993604
24.0,65785.0,151344.55801855895,664,9,Chennai,Retail,Agent,2023-02-12,Yes,Medium,10041.34,29,4.1,0.65785,5482.083333333333,-4559.256666666667,2.3005937222552095
29.0,182702.0,126715.36,478,7,Hyderabad,Premium,Online,2021-07-13,No,High,5503.29,135,6.9,1.82702,15225.166666666666,9721.876666666667,0.6935630699171328
67.0,246425.0,260591.89,679,5,Unknown,Corporate,Agent,2024-12-19,Yes,Medium,46629.18,59,7.0,2.46425,20535.416666666668,-26093.763333333332,1.057489662169017
24.0,89881.0,282134.55,848,1,Mumbai,Retail,Online,2025-12-13,Yes,Low,6944.37,48,1.2,0.89881,7490.083333333333,545.7133333333331,3.1389787608059545
50.0,202832.0,208000.55,839,12,Delhi,Premium,Online,2024-08-23,No,Low,24625.17,49,4.5,2.02832,16902.666666666668,-7722.50333333333,1.0254819259288475
19.0,103229.0,16657.51,777,10,Kolkata,Corporate,Online,2025-07-25,Yes,Low,37715.41,104,3.5,1.03229,8602.416666666666,-29112.99333333334,0.16136463590657663
47.0,165600.0,242027.27,759,1,Hyderabad,Premium,Agent,2026-02-06,No,Low,11563.19,12,9.7,1.656,13800.0,2236.8099999999995,1.4615173309178744
32.0,173554.0,90146.82,410,5,Hyderabad,Retail,Online,2023-10-08,Yes,High,39158.23,65,9.5,1.73554,14462.833333333334,-24695.396666666667,0.5194165504684422
28.0,71542.0,85368.69,338,7,Pune,Premium,Mobile,2026-01-02,No,High,5438.27,49,6.8,0.71542,5961.833333333333,523.5633333333326,1.1932667523971934
58.0,36190.0,135625.98,571,9,Kolkata,SME,Branch,2021-10-31,Yes,Medium,8247.14,105,5.2,0.3619,3015.8333333333335,-5231.3066666666655,3.7476092843326887
68.0,103797.0,219245.41,608,11,Delhi,Premium,Agent,2025-10-30,Yes,Medium,24625.17,122,9.0,1.03797,8649.75,-15975.419999999998,2.1122518955268457
67.0,167628.0,38982.41,425,4,Unknown,SME,Branch,2025-09-24,Yes,High,44371.64,50,5.605416666666668,1.67628,13969.0,-30402.64,0.2325530937552199
64.0,53380.0,232098.77,702,1,Pune,Premium,Online,2023-07-13,Yes,Low,37321.33,76,1.8,0.5338,4448.333333333333,-32872.996666666666,4.348047396028475
18.0,76195.0,1826.62,644,1,Hyderabad,Retail,Mobile,2021-09-20,Yes,High,49483.46,41,1.3,0.76195,6349.583333333333,-43133.87666666666,0.023972964105256248
63.0,87812.0,34439.08,808,1,Kolkata,Retail,Mobile,2024-08-19,No,Low,11710.0,118,5.8,0.87812,7317.666666666667,-4392.333333333333,0.39219104450416803
73.0,115373.0,81449.63,754,8,Kolkata,SME,Agent,2023-08-24,Yes,Low,592.7,86,1.1,1.15373,9614.416666666666,9021.716666666665,0.7059678607646503
42.0,61914.0,201316.59,373,0,Chennai,Retail,Branch,2026-01-17,Yes,High,47004.3,75,5.4,0.61914,5159.5,-41844.8,3.251551991472042
49.0,197760.0,173112.2,790,6,Kolkata,SME,Online,2025-04-18,Yes,Low,43265.87,37,8.4,1.9776,16480.0,-26785.870000000003,0.8753650889967638
68.0,139914.0,41879.66,805,4,Hyderabad,Corporate,Branch,2025-11-17,Yes,Low,24625.17,145,7.2,1.39914,11659.5,-12965.669999999998,0.29932429921237336
31.0,93910.0,151344.55801855895,606,9,Mumbai,SME,Branch,2024-07-29,Yes,Medium,49883.69,104,1.1,0.9391,7825.833333333333,-42057.85666666667,1.6115915027000207
75.0,238277.0,151344.55801855895,428,8,Chennai,SME,Mobile,2023-02-24,No,High,47960.65,124,1.3,2.38277,19856.416666666668,-28104.233333333334,0.6351622608080467
35.0,231636.0,105123.98,453,9,Chennai,Retail,Online,2023-10-18,No,High,34544.77,8,5.5,2.31636,19303.0,-15241.769999999997,0.45383265122865185
29.0,177267.0,26460.51,743,12,Pune,Corporate,Branch,2025-11-30,No,Low,13410.02,148,2.4,1.77267,14772.25,1362.2299999999996,0.1492692379292254
23.0,109416.0,22990.74,479,12,Chennai,Premium,Mobile,2023-02-19,Yes,High,6057.5,8,4.4,1.09416,9118.0,3060.5,0.21012228558894497
33.0,68472.0,24311.58,838,8,Delhi,Premium,Online,2022-05-14,Yes,Low,34682.36,126,5.2,0.68472,5706.0,-28976.36,0.3550587101296881
75.0,38669.0,133309.6,364,2,Bangalore,Premium,Online,2023-05-26,Yes,High,24625.17,21,2.6,0.38669,3222.4166666666665,-21402.75333333333,3.447454032946288
33.0,115827.0,24814.64,373,8,Mumbai,Premium,Branch,2024-03-15,Yes,High,24625.17,142,3.9,1.15827,9652.25,-14972.919999999998,0.21423882169097014
36.0,227779.0,153690.1,757,12,Chennai,Corporate,Agent,2024-06-30,Yes,Low,14937.11,102,9.0,2.27779,18981.583333333332,4044.4733333333315,0.6747334038695403
54.0,80731.0,942.27,650,11,Bangalore,Retail,Branch,2024-09-14,No,High,37504.94,96,7.6,0.80731,6727.583333333333,-30777.35666666667,0.01167172461631839
19.0,172977.0,292856.09,643,1,Mumbai,Corporate,Online,2024-03-21,Yes,Medium,9012.53,22,2.7,1.72977,14414.75,5402.219999999999,1.6930348543447975
62.0,211481.0,263206.68,758,7,Kolkata,Corporate,Mobile,2024-01-23,No,Low,30034.81,126,9.7,2.11481,17623.416666666668,-12411.393333333333,1.2445878353138107
51.0,102475.0,182063.2,618,0,Delhi,Retail,Mobile,2025-01-10,No,Medium,34295.82,37,4.6,1.02475,8539.583333333334,-25756.236666666664,1.7766596730909978
42.0,174130.0,153491.57,515,1,Chennai,SME,Branch,2023-08-24,Yes,High,14158.17,48,1.2,1.7413,14510.833333333334,352.66333333333387,0.8814768850858554
47.0,34110.0,154405.09,445,14,Hyderabad,Retail,Online,2021-04-15,No,High,7240.62,34,6.5,0.3411,2842.5,-4398.12,4.526681031955438
26.0,77098.0,9164.84,544,6,Kolkata,SME,Agent,2022-02-12,Yes,High,17797.66,133,5.8,0.77098,6424.833333333333,-11372.826666666668,0.11887260369918805
75.0,139914.0,181651.43,779,10,Delhi,SME,Mobile,2024-03-11,No,Low,49122.1,4,8.0,1.39914,11659.5,-37462.6,1.2983077461869434
62.0,151888.0,281717.13,655,2,Unknown,Retail,Branch,2023-03-30,Yes,Medium,22485.14,53,9.1,1.51888,12657.333333333334,-9827.806666666665,1.85476884283156
62.0,74437.0,248916.86,301,10,Delhi,Retail,Online,2021-09-15,No,High,6141.12,140,4.2,0.74437,6203.083333333333,61.96333333333314,3.343993712804116
47.0,86550.0,171542.75,786,1,Delhi,Corporate,Mobile,2025-07-12,No,Low,2227.84,37,3.1,0.8655,7212.5,4984.66,1.9820075101097632
39.0,113199.0,35103.52,715,10,Kolkata,Retail,Agent,2022-06-26,Yes,Low,15557.03,67,7.8,1.13199,9433.25,-6123.780000000001,0.3101045062235532
36.0,180683.0,48844.51,454,0,Kolkata,Retail,Branch,2022-01-28,Yes,High,12238.83,20,3.2,1.80683,15056.916666666666,2818.086666666666,0.27033262675514574
47.0,53982.0,128248.7,746,8,Chennai,Corporate,Online,2025-04-18,No,Low,3198.87,43,1.6,0.53982,4498.5,1299.63,2.3757678485421065
19.0,37857.0,147579.33,642,1,Mumbai,Premium,Online,2024-10-28,Yes,Medium,6496.36,106,4.8,0.37857,3154.75,-3341.6099999999997,3.8983366352325852
47.0,72055.0,251897.9,506,6,Delhi,Retail,Online,2021-03-23,Yes,High,46696.3,101,6.9,0.72055,6004.583333333333,-40691.71666666667,3.495911456526265
36.0,30901.0,226159.52,784,5,Unknown,Premium,Branch,2021-04-13,Yes,Low,25653.79,25,4.0,0.30901,2575.0833333333335,-23078.70666666667,7.318841461441377
59.0,25281.0,3908.87,381,12,Delhi,Premium,Branch,2024-09-20,Yes,High,33004.52,102,8.3,0.25281,2106.75,-30897.769999999997,0.15461690597682054
23.0,107617.0,112959.09,743,9,Pune,Retail,Mobile,2022-10-23,Yes,Low,47236.63,42,2.5,1.07617,8968.083333333334,-38268.54666666666,1.049639833855246
66.0,114709.0,241228.7,560,8,Kolkata,Retail,Mobile,2021-06-01,Yes,Medium,14803.41,17,3.7,1.14709,9559.083333333334,-5244.326666666666,2.1029622784611495
43.0,92990.0,45206.25,328,8,Delhi,SME,Mobile,2024-10-05,Yes,High,7731.49,54,9.2,0.9299,7749.166666666667,17.676666666667188,0.48614098290138724
32.0,179946.0,253177.38,827,1,Kolkata,SME,Mobile,2025-02-27,No,Low,39975.7,111,7.3,1.79946,14995.5,-24980.199999999997,1.406963088926678
19.0,93099.0,13635.75,369,0,Unknown,Premium,Mobile,2022-07-24,Yes,High,16640.49,57,2.5,0.93099,7758.25,-8882.240000000002,0.14646505333032578
43.0,136453.0,149193.73,639,15,Hyderabad,Corporate,Branch,2022-10-10,Yes,Medium,35738.16,6,7.1,1.36453,11371.083333333334,-24367.076666666668,1.0933708309820964
25.0,90160.0,138855.59,486,1,Bangalore,Premium,Online,2022-05-17,Yes,High,16070.03,70,5.2,0.9016,7513.333333333333,-8556.696666666667,1.5401019299023957
23.0,190009.0,99661.67,488,0,Unknown,Corporate,Mobile,2024-09-08,Yes,High,570.2,113,1.1,1.90009,15834.083333333334,15263.883333333333,0.5245102600403139
18.0,179268.0,9785.38,831,5,Bangalore,SME,Branch,2024-02-04,No,High,33864.3,105,7.5,1.79268,14939.0,-18925.300000000003,0.05458520204386728
59.0,93760.0,193341.08,595,4,Kolkata,SME,Mobile,2021-11-27,No,Medium,4871.48,82,7.9,0.9376,7813.333333333333,2941.8533333333335,2.062084897610921
70.0,238883.0,148402.56,730,2,Pune,Retail,Mobile,2024-07-28,Yes,Low,47793.0,118,5.4,2.38883,19906.916666666668,-27886.083333333332,0.6212353327779708
29.0,79615.0,151344.55801855895,849,11,Pune,Premium,Mobile,2025-08-31,Yes,Low,7144.8,126,4.9,0.79615,6634.583333333333,-510.21666666666715,1.9009553227225893
42.0,43073.0,235907.32,531,0,Pune,Premium,Online,2025-03-24,No,High,38217.5,17,7.0,0.43073,3589.4166666666665,-34628.083333333336,5.476918719383373
67.0,139914.0,100686.98,308,9,Bangalore,Corporate,Mobile,2024-11-14,Yes,High,26028.94,112,5.4,1.39914,11659.5,-14369.439999999999,0.719634775647898
19.0,233497.0,151344.55801855895,408,15,Pune,Premium,Branch,2023-04-01,Yes,High,24625.17,130,9.9,2.33497,19458.083333333332,-5167.086666666666,0.6481648929903123
27.0,36093.0,149790.88,517,11,Delhi,Premium,Agent,2021-05-31,No,High,14219.45,145,6.1,0.36093,3007.75,-11211.7,4.150136591582855
58.0,139914.0,76007.15,629,5,Mumbai,Premium,Online,2023-08-24,Yes,Medium,5762.14,129,4.4,1.39914,11659.5,5897.36,0.5432419200365939
43.0,119788.0,151344.55801855895,791,4,Unknown,Premium,Online,2021-08-29,No,Low,14940.33,73,4.6,1.19788,9982.333333333334,-4957.996666666666,1.2634367216963214
58.0,49596.0,37537.58,741,10,Hyderabad,Corporate,Mobile,2024-05-06,No,Low,49809.27,120,5.4,0.49596,4133.0,-45676.27,0.756867086055327
64.0,206480.0,2611.84,499,13,Kolkata,Retail,Online,2024-05-05,Yes,High,26794.34,18,5.6,2.0648,17206.666666666668,-9587.673333333332,0.012649360712901977
48.0,155406.0,268718.02,597,11,Bangalore,Corporate,Online,2022-03-15,Yes,Medium,24625.17,85,6.8,1.55406,12950.5,-11674.669999999998,1.7291354259166314
49.0,139793.0,162220.37,416,2,Mumbai,Retail,Online,2023-06-03,Yes,High,1408.26,41,8.8,1.39793,11649.416666666666,10241.156666666666,1.1604327112230226
68.0,233347.0,93573.57,497,7,Chennai,Corporate,Mobile,2021-09-27,Yes,High,39590.74,15,1.6,2.33347,19445.583333333332,-20145.156666666666,0.4010060982142475
66.0,179351.0,202674.03,570,14,Bangalore,Corporate,Agent,2025-10-13,No,Medium,37783.39,92,5.3,1.79351,14945.916666666666,-22837.473333333335,1.1300412598758858
47.0,195954.0,248024.03,407,12,Bangalore,Premium,Branch,2025-06-27,No,High,14285.35,17,9.2,1.95954,16329.5,2044.1499999999996,1.2657257825816264
49.0,187396.0,124783.17,326,1,Mumbai,Retail,Mobile,2022-04-01,Yes,High,4230.07,135,4.9,1.87396,15616.333333333334,11386.263333333334,0.6658795812077098
35.0,43489.0,248546.44,338,11,Hyderabad,Corporate,Online,2021-12-15,Yes,High,31093.12,116,4.3,0.43489,3624.0833333333335,-27469.036666666667,5.715156476350342
44.0,139914.0,112741.5,415,6,Kolkata,Premium,Mobile,2023-08-22,Yes,High,34344.67,72,3.4,1.39914,11659.5,-22685.17,0.805791414726189
68.0,25526.0,189763.23,389,13,Unknown,Premium,Agent,2025-04-11,Yes,High,13968.17,110,6.7,0.25526,2127.1666666666665,-11841.003333333334,7.434115411737053
66.0,101272.0,151344.55801855895,692,0,Pune,Premium,Mobile,2023-05-03,Yes,Medium,39156.19,113,1.9,1.01272,8439.333333333334,-30716.856666666667,1.4944363498159308
72.0,193876.0,212436.55,461,12,Hyderabad,Corporate,Agent,2023-11-29,Yes,High,11806.71,16,8.1,1.93876,16156.333333333334,4349.623333333335,1.0957341290309268
43.0,170363.0,267567.93,395,6,Pune,SME,Online,2024-07-13,Yes,High,29999.11,107,7.5,1.70363,14196.916666666666,-15802.193333333335,1.5705753596731684
24.0,139914.0,151344.55801855895,324,1,Bangalore,SME,Branch,2023-02-15,Yes,High,9814.64,54,8.3,1.39914,11659.5,1844.8600000000006,1.0816970283070955
47.0,177826.0,218958.09,754,10,Chennai,Premium,Mobile,2021-02-24,Yes,Low,24625.17,71,1.1,1.77826,14818.833333333334,-9806.336666666664,1.231305264696951
41.0,52083.0,294032.7,454,13,Mumbai,SME,Branch,2023-03-22,No,High,18325.83,133,9.0,0.52083,4340.25,-13985.580000000002,5.6454639709694145
45.0,129061.0,268392.84,367,5,Delhi,Retail,Branch,2022-07-21,Yes,High,49208.9,135,4.2,1.29061,10755.083333333334,-38453.816666666666,2.079581283269152
18.0,93008.0,153817.92,570,1,Bangalore,Premium,Online,2021-09-06,No,Medium,10119.15,95,1.7,0.93008,7750.666666666667,-2368.4833333333327,1.6538138654739378
30.0,139914.0,151344.55801855895,455,12,Kolkata,Premium,Agent,2023-05-22,Yes,High,9242.38,123,4.6,1.39914,11659.5,2417.120000000001,1.0816970283070955
43.0,151209.0,115271.89,570,11,Unknown,Retail,Agent,2021-06-13,Yes,Medium,9823.17,119,4.2,1.51209,12600.75,2777.58,0.7623348477934514
47.0,171451.0,142706.35,842,9,Chennai,Premium,Agent,2024-08-27,Yes,Low,21439.22,144,3.4,1.71451,14287.583333333334,-7151.636666666667,0.8323448098873731
23.0,201072.0,151344.55801855895,564,5,Kolkata,SME,Branch,2022-01-13,No,Medium,14379.51,29,5.605416666666668,2.01072,16756.0,2376.49,0.7526883803739901
62.0,223137.0,164224.45,357,13,Bangalore,Premium,Mobile,2021-10-08,No,High,14032.5,101,5.6,2.23137,18594.75,4562.25,0.7359803618404837
37.0,65583.0,157577.53,400,13,Mumbai,Retail,Online,2023-07-19,No,High,35392.4,77,5.605416666666668,0.65583,5465.25,-29927.15,2.4027191497796685
51.0,30075.0,89634.86,530,3,Kolkata,Retail,Branch,2024-08-13,No,High,28357.12,68,3.0,0.30075,2506.25,-25850.87,2.980377722360765
42.0,211339.0,147779.7,328,8,Pune,Retail,Agent,2021-10-14,No,High,38639.22,76,1.7,2.11339,17611.583333333332,-21027.63666666667,0.6992542786707613
43.0,191216.0,124148.24,808,2,Bangalore,Premium,Online,2022-07-21,Yes,Low,46706.9,84,7.3,1.91216,15934.666666666666,-30772.233333333337,0.6492565475692411
35.0,117447.0,124739.25,410,14,Pune,Premium,Online,2026-03-06,Yes,High,14296.01,127,9.3,1.17447,9787.25,-4508.76,1.0620897085493883
39.0,96947.0,232887.14,688,9,Bangalore,Retail,Branch,2022-08-13,Yes,Medium,46585.92,39,4.3,0.96947,8078.916666666667,-38507.003333333334,2.402210898738486
70.0,198672.0,151344.55801855895,628,13,Chennai,Retail,Agent,2025-09-02,Yes,High,13491.59,86,4.3,1.98672,16556.0,3064.41,0.7617810160392957
51.0,198540.0,14597.3,525,13,Mumbai,SME,Branch,2022-09-10,No,High,34700.57,26,7.0,1.9854,16545.0,-18155.57,0.07352321950236727
30.0,124071.0,151344.55801855895,728,5,Delhi,Retail,Mobile,2025-07-08,Yes,Low,3700.94,90,7.1,1.24071,10339.25,6638.3099999999995,1.2198221826096263
53.0,104751.0,109678.71,303,9,Pune,Corporate,Mobile,2023-07-12,No,High,22548.97,87,1.7,1.04751,8729.25,-13819.720000000001,1.0470421284761005
64.0,135384.0,276710.25,432,9,Delhi,Retail,Agent,2023-10-12,Yes,High,7607.08,42,6.9,1.35384,11282.0,3674.92,2.043891818826449
20.0,133212.0,210792.06,495,3,Unknown,SME,Mobile,2024-11-29,Yes,High,11742.76,33,9.1,1.33212,11101.0,-641.7600000000002,1.5823804161787227
70.0,84182.0,15568.59,498,6,Mumbai,Corporate,Online,2025-05-30,Yes,High,19684.53,69,8.4,0.84182,7015.166666666667,-12669.363333333331,0.18493965455798153
71.0,245971.0,111348.48,799,5,Mumbai,Premium,Mobile,2023-06-27,Yes,Low,32637.52,63,9.7,2.45971,20497.583333333332,-12139.936666666668,0.45268946339202587
19.0,130865.0,116217.78,728,14,Delhi,Retail,Branch,2022-01-29,Yes,Low,45647.19,74,6.1,1.30865,10905.416666666666,-34741.77333333334,0.8880738165284835
38.0,137217.0,77451.98,682,15,Mumbai,Corporate,Online,2025-01-06,Yes,Medium,33746.32,142,7.7,1.37217,11434.75,-22311.57,0.564448865665333
69.0,68619.0,258940.66,529,13,Hyderabad,Corporate,Mobile,2023-02-25,Yes,High,10970.27,110,5.3,0.68619,5718.25,-5252.02,3.773600023317157
57.0,171470.0,113095.66,725,10,Pune,Corporate,Online,2023-11-02,Yes,Low,9324.6,72,4.0,1.7147,14289.166666666666,4964.566666666666,0.6595652883886395
30.0,235748.0,116969.92,642,13,Chennai,Retail,Agent,2021-04-14,No,Medium,18134.29,106,4.1,2.35748,19645.666666666668,1511.376666666667,0.49616505760388213
42.0,221154.0,150646.08,663,9,Kolkata,Retail,Agent,2025-10-02,No,Medium,25503.28,91,7.3,2.21154,18429.5,-7073.779999999999,0.681181800917008
57.0,31471.0,124340.91,331,14,Hyderabad,Premium,Branch,2022-11-04,Yes,High,39289.33,16,5.7,0.31471,2622.5833333333335,-36666.746666666666,3.95096787518668
47.0,93577.0,120433.69,488,4,Delhi,Retail,Agent,2022-04-14,Yes,High,33290.28,116,6.7,0.93577,7798.083333333333,-25492.196666666667,1.2870009724611817
45.0,125102.0,57428.3,453,15,Mumbai,Corporate,Online,2024-10-19,Yes,High,12262.25,120,5.4,1.25102,10425.166666666666,-1837.083333333334,0.4590518137200045
37.0,239432.0,182889.3,847,7,Chennai,Premium,Online,2025-07-31,Yes,Low,22033.09,23,1.5,2.39432,19952.666666666668,-2080.4233333333323,0.7638465200975642
56.0,128320.0,65552.95,559,9,Bangalore,Premium,Branch,2021-10-13,No,Medium,26908.68,66,2.6,1.2832,10693.333333333334,-16215.346666666666,0.5108552836658354
67.0,137356.0,149412.12,822,6,Pune,Premium,Agent,2024-11-26,No,Low,2592.32,68,5.9,1.37356,11446.333333333334,8854.013333333334,1.0877727947814437
73.0,179249.0,92071.35,570,15,Bangalore,Premium,Branch,2023-10-01,No,High,24625.17,121,3.6,1.79249,14937.416666666666,-9687.753333333332,0.5136505642988246
36.0,58662.0,253274.61,312,14,Hyderabad,Corporate,Online,2025-11-05,No,High,38370.64,136,2.3,0.58662,4888.5,-33482.14,4.317524291705022
54.0,96719.0,121271.92,786,14,Kolkata,Premium,Agent,2022-03-17,Yes,Low,5235.6,112,9.9,0.96719,8059.916666666667,2824.3166666666666,1.2538582905116884
39.0,127304.0,9533.55,731,8,Delhi,Retail,Online,2024-03-17,Yes,High,24343.27,46,9.0,1.27304,10608.666666666666,-13734.603333333334,0.07488806321875195
43.0,101242.0,115762.35,494,11,Delhi,Premium,Online,2024-06-01,Yes,High,38795.01,34,1.7,1.01242,8436.833333333334,-30358.176666666666,1.1434221963216846
25.0,104148.0,299839.87,623,4,Pune,Premium,Agent,2021-08-12,Yes,Medium,14230.1,6,9.0,1.04148,8679.0,-5551.1,2.878978664976764
62.0,62487.0,151344.55801855895,827,1,Chennai,Premium,Agent,2022-05-18,No,Low,9543.39,125,6.2,0.62487,5207.25,-4336.139999999999,2.4220167077721597
66.0,99744.0,695.26,596,5,Delhi,Retail,Agent,2021-02-09,Yes,High,39748.66,133,4.0,0.99744,8312.0,-31436.660000000003,0.00697044433750401
74.0,230390.0,192059.49,612,14,Kolkata,Retail,Branch,2022-01-01,Yes,Medium,15148.88,76,2.3,2.3039,19199.166666666668,4050.2866666666687,0.8336277182169365
70.0,108986.0,168766.56,418,9,Pune,Premium,Online,2022-08-14,Yes,High,4619.28,69,9.7,1.08986,9082.166666666666,4462.886666666666,1.5485159561778576
36.0,64279.0,193277.02,667,13,Hyderabad,SME,Online,2024-11-14,Yes,Medium,45906.51,26,9.9,0.64279,5356.583333333333,-40549.926666666666,3.0068454705269216
71.0,63467.0,115684.05,672,6,Mumbai,Retail,Online,2025-03-18,Yes,Medium,21587.04,112,8.2,0.63467,5288.916666666667,-16298.123333333333,1.8227433154237636
25.0,139914.0,128695.48,727,0,Pune,Retail,Agent,2022-10-28,Yes,Low,10280.44,89,9.6,1.39914,11659.5,1379.0599999999995,0.9198184599110882
45.0,150200.0,112632.33,508,9,Hyderabad,Retail,Mobile,2023-08-20,Yes,High,41725.73,65,7.5,1.502,12516.666666666666,-29209.06333333334,0.7498823568575234
62.0,43099.0,151344.55801855895,823,5,Pune,Premium,Branch,2023-08-18,No,Low,45855.41,133,9.4,0.43099,3591.5833333333335,-42263.82666666667,3.5115561386240737
65.0,139586.0,270474.9,833,7,Mumbai,Corporate,Branch,2024-03-05,No,Low,36327.86,3,3.9,1.39586,11632.166666666666,-24695.693333333336,1.9376936082415144
26.0,162868.0,203517.57,408,13,Kolkata,Corporate,Branch,2023-05-31,Yes,High,21555.09,59,4.9,1.62868,13572.333333333334,-7982.756666666666,1.249585983741435
52.0,114393.0,250622.35,594,15,Mumbai,Corporate,Branch,2023-08-24,Yes,Medium,23657.98,48,1.9,1.14393,9532.75,-14125.23,2.1908888655774392
47.0,104083.0,151344.55801855895,400,9,Bangalore,Premium,Branch,2023-12-23,Yes,High,3706.22,98,9.8,1.04083,8673.583333333334,4967.363333333335,1.454075670556757
29.0,160832.0,188530.21,817,4,Mumbai,SME,Mobile,2022-12-21,Yes,Low,5792.82,104,4.0,1.60832,13402.666666666666,7609.846666666666,1.1722182774572223
67.0,67891.0,228565.08,301,0,Mumbai,Corporate,Branch,2025-11-26,Yes,High,24625.17,44,8.7,0.67891,5657.583333333333,-18967.586666666666,3.366647714719182
34.0,37115.0,76146.32,769,15,Hyderabad,Corporate,Branch,2024-07-23,No,Low,27363.71,29,3.2,0.37115,3092.9166666666665,-24270.79333333333,2.0516319547352824
28.0,139914.0,257157.5,778,3,Pune,Corporate,Branch,2024-06-23,No,Low,20406.45,59,8.0,1.39914,11659.5,-8746.95,1.8379683233986592
69.0,98297.0,87008.76,424,0,Delhi,Retail,Branch,2022-11-12,Yes,High,17043.66,35,2.0,0.98297,8191.416666666667,-8852.243333333332,0.8851619072809953
29.0,139914.0,34329.46,793,1,Unknown,Retail,Online,2024-05-26,Yes,Low,49579.63,36,5.7,1.39914,11659.5,-37920.13,0.24536115042097287
63.0,114881.0,138934.41,714,8,Mumbai,Retail,Agent,2025-02-06,Yes,Low,3003.49,126,6.2,1.14881,9573.416666666666,6569.926666666666,1.209376746372333
57.0,245894.0,176679.92,833,4,Mumbai,Premium,Branch,2023-08-24,Yes,Low,7094.72,55,5.9,2.45894,20491.166666666668,13396.446666666667,0.7185206633752755
43.0,122624.0,191363.13,570,1,Kolkata,Premium,Branch,2021-03-30,Yes,High,34143.92,18,2.9,1.22624,10218.666666666666,-23925.253333333334,1.5605683226774532
46.0,66321.0,239915.37,814,8,Hyderabad,Premium,Online,2025-06-02,No,Low,23716.21,132,7.8,0.66321,5526.75,-18189.46,3.6174872212421403
65.0,243335.0,111015.7,817,14,Delhi,Premium,Branch,2023-07-18,Yes,Low,33264.93,6,3.5,2.43335,20277.916666666668,-12987.013333333332,0.4562257792754844
67.0,249372.0,42651.13,312,4,Hyderabad,Retail,Branch,2022-10-05,Yes,High,30847.08,98,5.605416666666668,2.49372,20781.0,-10066.080000000002,0.17103415780440465
23.0,47431.0,164694.13,841,14,Pune,SME,Online,2024-08-23,Yes,Low,32836.94,18,4.7,0.47431,3952.5833333333335,-28884.35666666667,3.4722887984651387
47.0,108588.0,219901.09,426,0,Pune,Retail,Agent,2024-04-06,Yes,High,9103.04,76,8.5,1.08588,9049.0,-54.04000000000087,2.0250956827642095
46.0,135198.0,257687.01,766,2,Hyderabad,SME,Agent,2023-08-06,Yes,Low,13865.25,6,2.7,1.35198,11266.5,-2598.75,1.9059972041006525
34.0,101975.0,147669.69,443,5,Delhi,Premium,Agent,2025-09-29,Yes,High,10832.76,24,4.9,1.01975,8497.916666666666,-2334.843333333334,1.448096984555038
40.0,139914.0,277286.12,603,15,Pune,Premium,Online,2023-09-30,Yes,Medium,1484.06,87,3.6,1.39914,11659.5,10175.44,1.9818325542833455
18.0,25207.0,61865.22,740,6,Hyderabad,Corporate,Agent,2023-08-24,No,Low,24625.17,97,5.605416666666668,0.25207,2100.5833333333335,-22524.586666666666,2.454287301146507
64.0,206360.0,191128.41,427,15,Unknown,Corporate,Agent,2023-08-24,Yes,High,48616.42,92,8.3,2.0636,17196.666666666668,-31419.75333333333,0.9261892324093817
46.0,198279.0,254141.85,632,8,Delhi,SME,Branch,2025-02-02,No,Medium,17197.81,18,3.2,1.98279,16523.25,-674.5600000000013,1.2817386107454647
61.0,175201.0,198799.35,704,10,Delhi,Corporate,Mobile,2024-11-30,Yes,Low,23755.2,137,9.9,1.75201,14600.083333333334,-9155.116666666667,1.1346930097430952
25.0,236467.0,124245.07,644,1,Delhi,Corporate,Branch,2025-05-09,Yes,Medium,3664.2,36,5.4,2.36467,19705.583333333332,16041.383333333331,0.5254224479525684
47.0,43639.0,136793.78,788,3,Mumbai,Premium,Online,2021-11-20,Yes,Low,7908.84,115,3.5,0.43639,3636.5833333333335,-4272.256666666666,3.134668072137308
56.0,32314.0,193935.03,721,5,Delhi,Corporate,Agent,2023-02-18,No,Low,31470.53,50,5.0,0.32314,2692.8333333333335,-28777.696666666667,6.001579191681624
29.0,35225.0,190633.09,497,6,Bangalore,Corporate,Branch,2025-02-27,Yes,High,41277.98,110,5.3,0.35225,2935.4166666666665,-38342.56333333334,5.411869127040454
25.0,219692.0,134655.92,484,13,Mumbai,Corporate,Agent,2024-02-05,Yes,High,48517.84,73,4.5,2.19692,18307.666666666668,-30210.17333333333,0.6129304662891686
66.0,184342.0,189493.05,408,14,Delhi,Premium,Agent,2024-01-03,Yes,High,2340.18,59,6.5,1.84342,15361.833333333334,13021.653333333334,1.0279428996105064
64.0,233015.0,151344.55801855895,338,12,Bangalore,Premium,Online,2024-06-18,Yes,High,23702.31,54,5.9,2.33015,19417.916666666668,-4284.393333333333,0.6495056456389457
32.0,139914.0,164796.74,839,5,Bangalore,Premium,Online,2024-05-05,No,Low,12978.88,51,6.3,1.39914,11659.5,-1319.3799999999992,1.1778431036207955
25.0,49860.0,163614.34,614,6,Chennai,Premium,Agent,2024-03-07,No,Medium,47946.56,11,1.4,0.4986,4155.0,-43791.56,3.2814749298034496
19.0,61035.0,189664.98,642,5,Pune,Retail,Mobile,2023-03-10,Yes,Medium,13509.31,76,7.0,0.61035,5086.25,-8423.06,3.107478987466208
27.0,101329.0,281895.45,779,4,Hyderabad,Premium,Online,2025-12-19,Yes,Low,28245.85,20,3.2,1.01329,8444.083333333334,-19801.766666666663,2.781981959754858
75.0,139682.0,151344.55801855895,726,11,Kolkata,Corporate,Online,2023-04-02,No,Low,24733.26,120,1.2,1.39682,11640.166666666666,-13093.093333333332,1.0834936356764575
59.0,233308.0,23284.39,496,2,Chennai,SME,Branch,2021-04-04,Yes,High,49288.86,125,5.7,2.33308,19442.333333333332,-29846.52666666667,0.09980107840279802
52.0,206211.0,221551.76,812,13,Hyderabad,SME,Online,2025-05-05,Yes,Low,24625.17,103,3.6,2.06211,17184.25,-7440.919999999998,1.0743935095605956
72.0,151468.0,225008.52,374,9,Delhi,SME,Online,2025-01-11,Yes,High,48700.54,109,6.1,1.51468,12622.333333333334,-36078.206666666665,1.4855185253650935
43.0,68753.0,286454.1,820,8,Bangalore,Corporate,Mobile,2021-09-25,No,Low,39682.91,119,6.6,0.68753,5729.416666666667,-33953.49333333334,4.166423283347635
20.0,116179.0,39721.38,475,10,Kolkata,Premium,Mobile,2023-10-17,Yes,High,17625.64,137,2.0,1.16179,9681.583333333334,-7944.0566666666655,0.34189810550960154
64.0,111269.0,38215.92,367,10,Mumbai,Corporate,Mobile,2021-11-09,Yes,High,33928.51,118,9.8,1.11269,9272.416666666666,-24656.093333333338,0.34345523011800233
47.0,139914.0,151344.55801855895,794,10,Delhi,SME,Agent,2021-10-11,Yes,Low,6054.47,68,4.9,1.39914,11659.5,5605.03,1.0816970283070955
66.0,182661.0,210010.28,830,2,Delhi,SME,Branch,2025-12-04,Yes,Low,42083.82,45,8.2,1.82661,15221.75,-26862.07,1.1497269805815145
67.0,126520.0,61494.36,300,13,Chennai,Premium,Branch,2024-06-22,Yes,High,41879.48,13,6.5,1.2652,10543.333333333334,-31336.146666666667,0.48604457793234274
23.0,207051.0,135873.32,803,9,Chennai,Premium,Online,2023-12-11,No,Low,43553.08,63,8.6,2.07051,17254.25,-26298.83,0.6562311700981884
49.0,139914.0,250092.94,552,5,Kolkata,Premium,Mobile,2022-07-11,Yes,Medium,9095.15,100,5.9,1.39914,11659.5,2564.3500000000004,1.787476163929271
29.0,129555.0,141260.21,478,6,Kolkata,Premium,Mobile,2023-07-19,Yes,High,23302.86,79,6.1,1.29555,10796.25,-12506.61,1.0903493496970398
74.0,190904.0,49688.5,366,11,Chennai,Retail,Online,2023-01-29,Yes,High,3679.64,76,1.8,1.90904,15908.666666666666,12229.026666666667,0.2602800360390563
74.0,100388.0,151344.55801855895,565,2,Pune,Retail,Agent,2022-10-22,No,Medium,23474.69,124,6.5,1.00388,8365.666666666666,-15109.023333333333,1.507596107289307
26.0,139914.0,151344.55801855895,344,8,Delhi,Corporate,Agent,2024-12-10,No,High,24625.17,48,4.8,1.39914,11659.5,-12965.669999999998,1.0816970283070955
35.0,56575.0,101930.65,750,6,Hyderabad,Premium,Mobile,2024-12-08,No,Low,16695.98,48,8.9,0.56575,4714.583333333333,-11981.396666666667,1.8016906760936808
50.0,150932.0,180987.54,797,9,Chennai,Premium,Online,2021-05-20,Yes,Low,46109.18,107,9.1,1.50932,12577.666666666666,-33531.513333333336,1.1991329870405216
47.0,210374.0,139982.34,478,8,Kolkata,Retail,Branch,2025-10-31,Yes,High,39608.67,100,6.8,2.10374,17531.166666666668,-22077.50333333333,0.6653975301130368
31.0,228309.0,298324.58,363,14,Delhi,Retail,Mobile,2024-04-17,No,High,28367.58,39,8.0,2.28309,19025.75,-9341.830000000002,1.3066702582902996
43.0,109080.0,142485.29,727,15,Pune,SME,Branch,2024-02-27,No,Low,34453.5,78,5.8,1.0908,9090.0,-25363.5,1.3062457829116245
42.0,70033.0,151344.55801855895,493,6,Kolkata,SME,Branch,2023-03-08,Yes,High,34794.02,144,3.1,0.70033,5836.083333333333,-28957.936666666665,2.1610463355640763
75.0,94615.0,151344.55801855895,326,1,Kolkata,Premium,Mobile,2025-08-16,No,High,45826.72,145,4.1,0.94615,7884.583333333333,-37942.136666666665,1.5995831318348988
62.0,144052.0,165828.71,471,1,Bangalore,SME,Online,2025-01-16,No,High,35509.9,55,6.1,1.44052,12004.333333333334,-23505.566666666666,1.1511725626856968
49.0,163311.0,15717.39,732,4,Kolkata,Premium,Branch,2024-08-01,Yes,Low,24625.17,70,9.5,1.63311,13609.25,-11015.919999999998,0.09624207799842019
24.0,197693.0,178607.9,697,6,Pune,Retail,Mobile,2024-10-09,Yes,Medium,9461.99,114,6.7,1.97693,16474.416666666668,7012.426666666668,0.9034609217321806
19.0,235436.0,145303.33,652,10,Delhi,Retail,Agent,2023-08-24,Yes,Medium,12129.0,54,6.5,2.35436,19619.666666666668,7490.666666666668,0.6171670007985184
63.0,50963.0,72566.67,377,4,Delhi,SME,Mobile,2021-05-01,Yes,High,37447.75,149,8.6,0.50963,4246.916666666667,-33200.833333333336,1.423908914310382
41.0,33712.0,60195.31,836,15,Hyderabad,Corporate,Branch,2024-05-11,Yes,Low,19975.06,30,9.4,0.33712,2809.3333333333335,-17165.72666666667,1.7855751661129566
64.0,54055.0,151344.55801855895,381,8,Kolkata,SME,Branch,2021-07-25,Yes,High,37209.64,10,2.6,0.54055,4504.583333333333,-32705.056666666667,2.7998253264001285
23.0,71167.0,143477.97,780,1,Chennai,Premium,Mobile,2025-11-22,No,Low,21552.75,85,5.1,0.71167,5930.583333333333,-15622.166666666668,2.0160744446161845
69.0,98997.0,76181.33,499,10,Bangalore,Retail,Branch,2024-04-17,Yes,High,13976.25,87,2.3,0.98997,8249.75,-5726.5,0.7695317029808985
47.0,238269.0,291607.58,727,0,Bangalore,Corporate,Agent,2024-08-03,Yes,Low,14436.92,50,5.605416666666668,2.38269,19855.75,5418.83,1.2238586639470515
70.0,235097.0,19707.63,439,5,Hyderabad,Corporate,Mobile,2021-01-20,Yes,High,10628.96,117,4.8,2.35097,19591.416666666668,8962.456666666669,0.08382765411723672
38.0,135350.0,130597.27,836,14,Hyderabad,Retail,Agent,2023-08-24,No,Low,21713.91,95,5.5,1.3535,11279.166666666666,-10434.743333333334,0.9648856298485409
73.0,186087.0,31321.24,445,15,Unknown,SME,Agent,2024-03-07,Yes,High,40432.38,50,8.7,1.86087,15507.25,-24925.129999999997,0.1683150354404123
34.0,139914.0,31755.97,389,0,Delhi,Premium,Online,2023-11-06,Yes,High,47848.12,64,5.9,1.39914,11659.5,-36188.62,0.22696778020784197
25.0,100418.0,117892.27,593,15,Unknown,SME,Agent,2025-09-05,Yes,Medium,24625.17,38,5.605416666666668,1.00418,8368.166666666666,-16257.003333333332,1.174015315979207
42.0,66755.0,258864.15,400,11,Kolkata,Premium,Online,2023-07-09,Yes,High,14945.25,39,9.8,0.66755,5562.916666666667,-9382.333333333332,3.8778241330237435
50.0,249655.0,108462.42,563,7,Kolkata,Premium,Online,2025-11-08,No,Medium,5199.13,9,5.2,2.49655,20804.583333333332,15605.453333333331,0.4344492199234944
57.0,198942.0,218258.77,770,10,Kolkata,Corporate,Agent,2022-05-29,Yes,Low,48554.15,26,7.4,1.98942,16578.5,-31975.65,1.0970974957525308
64.0,86272.0,185920.37,745,7,Hyderabad,Retail,Agent,2023-05-09,Yes,Low,24625.17,30,4.1,0.86272,7189.333333333333,-17435.836666666666,2.155048799146884
47.0,132971.0,5938.7,830,14,Pune,Premium,Branch,2023-08-24,Yes,High,36663.03,74,6.2,1.32971,11080.916666666666,-25582.113333333335,0.04466161794677035
25.0,221167.0,36969.77,513,5,Bangalore,Retail,Branch,2025-06-09,Yes,High,24625.17,75,4.5,2.21167,18430.583333333332,-6194.586666666666,0.16715771340208982
18.0,171424.0,93540.64,404,13,Pune,Retail,Mobile,2023-04-20,Yes,High,40521.41,2,5.3,1.71424,14285.333333333334,-26236.076666666668,0.5456682844875863
56.0,108300.0,256240.8,455,10,Unknown,Premium,Agent,2024-08-02,Yes,High,39038.37,127,1.0,1.083,9025.0,-30013.370000000003,2.3660277008310246
25.0,124134.0,151344.55801855895,613,10,Mumbai,Premium,Mobile,2025-11-16,Yes,Medium,28218.23,51,7.1,1.24134,10344.5,-17873.73,1.2192031032477721
64.0,162244.0,200031.57,354,1,Unknown,SME,Agent,2025-06-22,Yes,High,43457.51,139,6.5,1.62244,13520.333333333334,-29937.176666666666,1.2329058085352926
31.0,207503.0,270928.12,657,3,Mumbai,Premium,Branch,2025-12-08,Yes,Medium,24625.17,10,9.2,2.07503,17291.916666666668,-7333.25333333333,1.3056588097521482
47.0,242322.0,81409.79,458,1,Delhi,Corporate,Agent,2024-06-25,No,High,8628.74,38,9.3,2.42322,20193.5,11564.76,0.33595707364581007
71.0,67534.0,258522.75,779,6,Mumbai,Premium,Branch,2022-04-12,Yes,Low,47849.91,71,5.605416666666668,0.67534,5627.833333333333,-42222.07666666667,3.8280384695116534
49.0,203773.0,172984.2,778,7,Mumbai,Retail,Agent,2024-03-11,Yes,Low,21737.88,75,5.5,2.03773,16981.083333333332,-4756.796666666669,0.8489063811201681
27.0,193722.0,144750.13,726,11,Chennai,Corporate,Agent,2021-01-04,Yes,Low,26212.91,17,4.2,1.93722,16143.5,-10069.41,0.7472054283973942
38.0,80077.0,123412.37,622,9,Chennai,SME,Mobile,2021-05-10,Yes,Medium,32844.88,6,7.4,0.80077,6673.083333333333,-26171.796666666665,1.5411712476741135
21.0,31548.0,255775.49,732,7,Hyderabad,Corporate,Mobile,2025-10-06,Yes,Low,36498.49,83,1.8,0.31548,2629.0,-33869.49,8.107502535818435
75.0,116658.0,166013.7,636,6,Chennai,Corporate,Mobile,2022-05-17,Yes,Medium,43410.24,108,9.1,1.16658,9721.5,-33688.74,1.4230802859641003
54.0,150588.0,6156.24,697,10,Pune,Retail,Branch,2023-12-07,Yes,High,24625.17,25,2.3,1.50588,12549.0,-12076.169999999998,0.04088134512710176
54.0,234184.0,40524.04,369,14,Hyderabad,Corporate,Mobile,2023-07-21,No,High,33040.96,79,9.9,2.34184,19515.333333333332,-13525.626666666667,0.173043589655997
38.0,171011.0,164241.45,733,10,Delhi,Premium,Branch,2023-12-24,No,Low,15637.23,94,2.0,1.71011,14250.916666666666,-1386.3133333333335,0.9604145347375316
40.0,90428.0,172331.03,515,12,Hyderabad,Premium,Branch,2023-08-27,Yes,High,28626.31,88,9.4,0.90428,7535.666666666667,-21090.643333333333,1.905726434290264
50.0,68585.0,80175.79,818,12,Chennai,Corporate,Mobile,2024-09-17,No,Low,12062.16,106,2.8,0.68585,5715.416666666667,-6346.743333333333,1.1689989064664283
46.0,160565.0,199880.36,519,3,Kolkata,Premium,Mobile,2024-08-02,Yes,High,33293.6,60,8.7,1.60565,13380.416666666666,-19913.183333333334,1.2448563510104942
64.0,65372.0,101294.79,654,11,Kolkata,SME,Mobile,2023-08-24,Yes,Medium,39145.54,21,6.5,0.65372,5447.666666666667,-33697.87333333334,1.5495134002325153
71.0,144119.0,232065.82,763,14,Chennai,Premium,Mobile,2025-07-26,Yes,Low,21521.83,127,3.4,1.44119,12009.916666666666,-9511.913333333336,1.6102375120560093
70.0,157079.0,113673.08,315,4,Bangalore,Corporate,Agent,2024-08-20,Yes,High,10972.85,10,2.6,1.57079,13089.916666666666,2117.0666666666657,0.7236682179030933
49.0,169539.0,150326.36,617,5,Bangalore,Corporate,Branch,2024-10-05,Yes,Medium,14622.24,121,1.2,1.69539,14128.25,-493.9899999999998,0.8866771657258801
68.0,30110.0,225502.85,666,12,Pune,Retail,Agent,2021-03-23,No,Medium,10611.11,143,1.6,0.3011,2509.1666666666665,-8101.9433333333345,7.489300896712056
49.0,190575.0,23143.55,418,4,Mumbai,Premium,Branch,2025-01-13,Yes,High,32851.26,76,2.5,1.90575,15881.25,-16970.010000000002,0.1214406401679129
19.0,136785.0,158997.46,471,7,Chennai,Premium,Agent,2023-07-30,Yes,High,16037.03,130,4.8,1.36785,11398.75,-4638.280000000001,1.1623895895017728
33.0,71479.0,257947.15,768,10,Hyderabad,Premium,Branch,2022-07-17,Yes,Low,38825.9,54,2.1,0.71479,5956.583333333333,-32869.316666666666,3.6087123490815483
22.0,184803.0,274489.76,588,10,Mumbai,Premium,Agent,2023-04-24,Yes,Medium,24625.17,72,8.0,1.84803,15400.25,-9224.919999999998,1.485310086957463
44.0,209697.0,151344.55801855895,646,13,Chennai,Premium,Online,2024-01-06,Yes,Medium,34234.97,66,9.9,2.09697,17474.75,-16760.22,0.7217297244050175
54.0,243118.0,143363.53,410,11,Hyderabad,Retail,Mobile,2025-12-17,Yes,High,30206.14,42,9.4,2.43118,20259.833333333332,-9946.306666666667,0.5896870244079007
73.0,211388.0,139197.04,505,10,Hyderabad,Premium,Branch,2023-08-24,Yes,High,18149.53,72,1.7,2.11388,17615.666666666668,-533.863333333331,0.6584907374117737
38.0,216387.0,37717.28,514,7,Chennai,Corporate,Agent,2025-09-09,No,High,24625.17,17,4.1,2.16387,18032.25,-6592.919999999998,0.1743047410426689
53.0,32999.0,282459.87,557,2,Kolkata,Retail,Agent,2025-09-01,No,Medium,6892.25,88,6.7,0.32999,2749.9166666666665,-4142.333333333334,8.559649383314646
42.0,200929.0,170845.35,785,2,Mumbai,Premium,Branch,2023-12-24,Yes,Low,44505.09,53,9.1,2.00929,16744.083333333332,-27761.006666666664,0.8502772123486406
56.0,119840.0,247081.93,368,1,Bangalore,Retail,Mobile,2023-07-21,Yes,High,16511.63,48,5.605416666666668,1.1984,9986.666666666666,-6524.963333333335,2.061765103471295
46.0,139914.0,268765.25,582,7,Delhi,Premium,Branch,2024-09-21,Yes,Medium,20573.3,124,5.3,1.39914,11659.5,-8913.8,1.9209317866689537
54.0,220238.0,57339.63,596,8,Kolkata,Retail,Online,2024-07-30,Yes,Medium,5623.13,39,5.6,2.20238,18353.166666666668,12730.036666666667,0.2603530271796874
48.0,67092.0,195454.7,599,14,Mumbai,Retail,Agent,2024-02-01,Yes,Medium,30836.34,23,8.2,0.67092,5591.0,-25245.34,2.9132340666547427
36.0,50931.0,151344.55801855895,828,11,Kolkata,Premium,Branch,2021-07-29,Yes,High,49095.5,87,6.9,0.50931,4244.25,-44851.25,2.9715607001346713
39.0,248224.0,268822.53,378,7,Unknown,SME,Online,2024-09-08,No,High,24667.94,133,7.0,2.48224,20685.333333333332,-3982.6066666666666,1.0829836357483564
30.0,43743.0,93858.95,703,12,Kolkata,Premium,Online,2022-10-31,No,Low,49910.8,55,4.6,0.43743,3645.25,-46265.55,2.145690739089683
71.0,182215.0,91841.2,728,6,Chennai,Corporate,Online,2021-05-22,Yes,Low,33437.54,111,2.3,1.82215,15184.583333333334,-18252.956666666665,0.504026562028373
26.0,143413.0,224032.99,547,0,Hyderabad,Premium,Online,2023-05-11,Yes,High,20892.0,32,9.6,1.43413,11951.083333333334,-8940.916666666666,1.5621525942557508
47.0,139914.0,273320.61,320,10,Hyderabad,Retail,Agent,2021-12-04,Yes,High,20499.48,65,4.3,1.39914,11659.5,-8839.98,1.9534900724730906
50.0,220684.0,156479.82,525,5,Delhi,Retail,Branch,2025-06-27,Yes,High,7443.23,119,3.3,2.20684,18390.333333333332,10947.103333333333,0.709067354225952
51.0,65461.0,151344.55801855895,341,0,Mumbai,Retail,Agent,2025-01-23,Yes,High,36843.81,115,7.0,0.65461,5455.083333333333,-31388.726666666666,2.3119805383137892
72.0,68732.0,296926.92,414,1,Pune,Corporate,Agent,2023-12-24,No,High,6405.33,105,8.9,0.68732,5727.666666666667,-677.663333333333,4.320068090554618
29.0,192670.0,36602.22,333,11,Unknown,Retail,Agent,2024-02-24,No,High,9889.97,101,2.5,1.9267,16055.833333333334,6165.863333333335,0.1899736336741579
60.0,69738.0,101202.04,646,3,Hyderabad,Retail,Agent,2022-06-28,Yes,Medium,8796.91,44,7.4,0.69738,5811.5,-2985.41,1.451174969170323
23.0,173087.0,151344.55801855895,670,15,Hyderabad,Retail,Agent,2024-04-02,Yes,Medium,24625.17,35,3.1,1.73087,14423.916666666666,-10201.253333333332,0.8743843155093043
52.0,208214.0,160545.7,841,7,Mumbai,Premium,Agent,2024-01-10,Yes,Low,19264.79,136,9.8,2.08214,17351.166666666668,-1913.623333333333,0.7710610237544065
69.0,152896.0,243077.58,500,9,Mumbai,Corporate,Branch,2023-09-19,Yes,High,24625.17,62,7.5,1.52896,12741.333333333334,-11883.836666666664,1.5898230169527
66.0,75200.0,151344.55801855895,816,13,Kolkata,Retail,Agent,2025-03-21,Yes,Low,42839.14,56,8.2,0.752,6266.666666666667,-36572.473333333335,2.0125606119489223
66.0,247500.0,52828.64,559,0,Pune,Corporate,Branch,2024-02-10,No,Medium,9073.58,142,3.6,2.475,20625.0,11551.42,0.2134490505050505
62.0,227903.0,297108.53,763,1,Kolkata,Premium,Branch,2023-06-24,Yes,Low,24625.17,83,7.7,2.27903,18991.916666666668,-5633.25333333333,1.3036622159427478
35.0,139914.0,177690.41,325,15,Mumbai,Corporate,Mobile,2025-11-17,No,High,28607.39,84,5.9,1.39914,11659.5,-16947.89,1.2699973555183899
45.0,123452.0,177069.8,709,0,Mumbai,Premium,Branch,2024-11-22,Yes,Low,10697.86,143,8.7,1.23452,10287.666666666666,-410.1933333333345,1.4343210316560282
69.0,165507.0,114432.31,345,7,Delhi,SME,Branch,2022-03-07,Yes,High,5116.38,99,2.3,1.65507,13792.25,8675.869999999999,0.6914046535796069
43.0,153335.0,46142.11,662,11,Hyderabad,Premium,Online,2022-11-15,No,Medium,14989.86,136,8.9,1.53335,12777.916666666666,-2211.9433333333345,0.3009235334398539
23.0,213938.0,150472.71,828,5,Chennai,Retail,Branch,2021-01-26,Yes,Low,44720.41,21,1.0,2.13938,17828.166666666668,-26892.243333333336,0.7033472781833989
40.0,139914.0,214323.23,573,11,Pune,Corporate,Agent,2022-10-05,Yes,Medium,44281.33,78,7.5,1.39914,11659.5,-32621.83,1.5318211901596697
53.0,240002.0,238344.25,363,1,Delhi,Corporate,Online,2021-09-26,Yes,High,1785.07,137,8.8,2.40002,20000.166666666668,18215.096666666668,0.9930927658936175
40.0,157723.0,12449.75,792,3,Mumbai,SME,Branch,2024-01-17,No,High,29737.43,52,3.4,1.57723,13143.583333333334,-16593.846666666665,0.07893427084191906
37.0,73355.0,111445.78,816,4,Kolkata,Corporate,Mobile,2025-03-08,No,Low,27661.62,33,1.8,0.73355,6112.916666666667,-21548.70333333333,1.5192663076818214
60.0,207268.0,105060.9,733,10,Kolkata,Retail,Agent,2021-09-05,No,Low,31245.7,41,9.0,2.07268,17272.333333333332,-13973.366666666669,0.5068843236775575
31.0,247266.0,279242.19,817,13,Kolkata,Premium,Agent,2024-01-13,No,Low,10484.38,117,7.7,2.47266,20605.5,10121.12,1.129318992502002
62.0,112163.0,64018.0,570,1,Delhi,Retail,Branch,2023-06-13,Yes,Medium,3270.3,2,4.1,1.12163,9346.916666666666,6076.616666666666,0.5707586280680795
27.0,139914.0,71742.76,810,10,Mumbai,Retail,Branch,2022-11-25,Yes,Low,13937.3,57,9.1,1.39914,11659.5,-2277.7999999999993,0.51276326886516
52.0,239919.0,151344.55801855895,818,7,Bangalore,Retail,Online,2022-01-11,No,Low,43378.56,104,7.4,2.39919,19993.25,-23385.309999999998,0.6308152252158393
75.0,153955.0,151344.55801855895,654,15,Hyderabad,Retail,Mobile,2024-01-10,Yes,Medium,42061.65,32,8.9,1.53955,12829.583333333334,-29232.066666666666,0.9830441234033254
34.0,188189.0,134725.42,537,10,Mumbai,Premium,Branch,2024-11-27,No,High,2596.92,54,7.1,1.88189,15682.416666666666,13085.496666666666,0.7159048616019003
40.0,152959.0,34857.29,428,4,Mumbai,SME,Agent,2024-05-27,Yes,High,47271.34,78,9.3,1.52959,12746.583333333334,-34524.75666666666,0.22788649245876347
68.0,52605.0,62172.69,368,6,Bangalore,Retail,Mobile,2021-03-26,No,High,44013.57,53,5.605416666666668,0.52605,4383.75,-39629.82,1.1818779583689765
71.0,135719.0,257192.67,310,11,Hyderabad,Premium,Mobile,2022-04-05,Yes,High,49104.93,64,1.3,1.35719,11309.916666666666,-37795.013333333336,1.8950380565727718
27.0,122852.0,67194.76,835,1,Unknown,Premium,Mobile,2022-06-27,No,Low,20099.08,149,7.5,1.22852,10237.666666666666,-9861.413333333336,0.5469569888972096
30.0,91707.0,65477.96,548,2,Mumbai,Retail,Online,2022-10-14,Yes,High,38058.81,3,8.7,0.91707,7642.25,-30416.559999999998,0.7139908622024491
47.0,231487.0,253458.7,748,2,Pune,Corporate,Mobile,2025-05-20,Yes,Low,6796.6,95,6.0,2.31487,19290.583333333332,12493.983333333332,1.094915481214928
32.0,170298.0,100802.12,668,1,Bangalore,SME,Online,2025-10-23,Yes,Medium,2501.72,97,7.3,1.70298,14191.5,11689.78,0.591916053036442
73.0,233537.0,206628.76,519,4,Chennai,Retail,Online,2023-08-24,Yes,High,38528.26,8,9.3,2.33537,19461.416666666668,-19066.843333333334,0.8847795424279665
51.0,29135.0,209314.89,831,10,Pune,Premium,Agent,2024-09-10,Yes,Low,28118.46,115,9.6,0.29135,2427.9166666666665,-25690.54333333333,7.184310622962074
40.0,214784.0,29574.88,578,12,Delhi,SME,Branch,2021-05-04,Yes,Medium,3271.02,142,6.4,2.14784,17898.666666666668,14627.646666666667,0.1376959177592372
28.0,120665.0,262535.41,822,10,Delhi,Premium,Branch,2022-11-01,Yes,Low,955.68,9,6.8,1.20665,10055.416666666666,9099.736666666666,2.175737869307587
36.0,116353.0,130308.45,468,6,Pune,Corporate,Branch,2025-03-09,Yes,High,4122.17,142,9.1,1.16353,9696.083333333334,5573.913333333334,1.1199406117590436
18.0,139914.0,46671.43,554,14,Hyderabad,Corporate,Agent,2025-06-08,Yes,Medium,34297.59,134,5.605416666666668,1.39914,11659.5,-22638.089999999997,0.33357226582043253
37.0,30782.0,133860.37,681,1,Unknown,Premium,Branch,2025-04-26,Yes,Medium,46921.94,9,7.2,0.30782,2565.1666666666665,-44356.77333333334,4.348657332207134
71.0,178962.0,121169.36,752,11,Kolkata,Premium,Online,2021-05-23,Yes,Low,30842.38,13,7.8,1.78962,14913.5,-15928.880000000001,0.6770675338898761
62.0,233432.0,173917.85,510,12,Kolkata,Premium,Mobile,2025-04-06,Yes,High,34654.56,80,6.7,2.33432,19452.666666666668,-15201.89333333333,0.745047165769903
45.0,141492.0,68751.59,828,8,Hyderabad,Premium,Branch,2025-06-30,Yes,Low,30268.12,78,6.3,1.41492,11791.0,-18477.12,0.4859044327594493
53.0,139914.0,151344.55801855895,746,7,Kolkata,SME,Mobile,2023-02-28,Yes,Low,21606.3,148,8.6,1.39914,11659.5,-9946.8,1.0816970283070955
72.0,69629.0,69444.03,315,3,Mumbai,Premium,Agent,2025-10-11,Yes,High,9133.32,5,9.2,0.69629,5802.416666666667,-3330.9033333333327,0.9973434919358313
67.0,130228.0,34721.28,822,10,Unknown,SME,Agent,2024-05-21,No,Low,9033.61,118,3.3,1.30228,10852.333333333334,1818.7233333333334,0.266619160242037
58.0,92889.0,112441.07,324,12,Pune,Premium,Agent,2022-07-03,No,High,23077.22,101,8.0,0.92889,7740.75,-15336.470000000001,1.2104885400854783
43.0,113340.0,41530.65,537,10,Kolkata,SME,Branch,2023-08-28,Yes,High,16852.71,16,6.7,1.1334,9445.0,-7407.709999999999,0.36642535733192166
34.0,155513.0,190391.78,356,11,Bangalore,Premium,Mobile,2026-02-01,Yes,High,25456.75,87,7.1,1.55513,12959.416666666666,-12497.333333333334,1.224282085742028
60.0,117051.0,240855.36,814,9,Chennai,Corporate,Online,2023-06-22,No,Low,24625.17,142,8.0,1.17051,9754.25,-14870.919999999998,2.057695876156547
75.0,170556.0,8851.22,802,15,Mumbai,Retail,Mobile,2023-06-26,Yes,High,47552.24,149,4.0,1.70556,14213.0,-33339.24,0.05189626867421843
68.0,205217.0,232773.46,620,15,Bangalore,Premium,Online,2025-08-11,Yes,Medium,29265.56,148,2.9,2.05217,17101.416666666668,-12164.143333333333,1.1342796162111326
23.0,183492.0,4257.01,582,14,Mumbai,SME,Agent,2021-08-01,Yes,High,41931.89,94,2.6,1.83492,15291.0,-26640.89,0.02319997602075295
32.0,180024.0,241657.77,632,11,Pune,Corporate,Branch,2023-08-24,Yes,Medium,25959.16,45,4.9,1.80024,15002.0,-10957.16,1.3423641847753631
28.0,135091.0,142621.98,515,7,Bangalore,SME,Online,2025-06-28,Yes,High,27834.65,44,3.2,1.35091,11257.583333333334,-16577.066666666666,1.0557474591201488
72.0,203980.0,29960.05,465,7,Delhi,Retail,Agent,2023-04-02,No,High,40627.96,8,6.3,2.0398,16998.333333333332,-23629.626666666667,0.1468773899401902
41.0,82009.0,28611.48,809,0,Bangalore,Retail,Online,2024-11-28,Yes,Low,16195.15,12,3.9,0.82009,6834.083333333333,-9361.066666666666,0.34888219585655234
35.0,211186.0,261790.74,843,3,Pune,Premium,Mobile,2023-08-24,Yes,Low,36473.66,19,6.7,2.11186,17598.833333333332,-18874.82666666667,1.2396216605267394
64.0,139914.0,106458.25,845,4,Mumbai,SME,Branch,2023-10-31,No,Low,47252.15,64,9.1,1.39914,11659.5,-35592.65,0.7608834712752119
47.0,242569.0,22391.53,610,0,Bangalore,Corporate,Online,2023-11-18,Yes,Medium,17684.76,131,1.2,2.42569,20214.083333333332,2529.3233333333337,0.09230994067667343
74.0,238567.0,288693.06,741,12,Pune,SME,Online,2021-05-31,Yes,Low,40666.93,58,8.4,2.38567,19880.583333333332,-20786.346666666668,1.2101131338366162
20.0,108457.0,159498.31,781,9,Pune,Retail,Online,2025-12-23,No,Low,20159.05,147,9.9,1.08457,9038.083333333334,-11120.966666666665,1.4706133306287283
19.0,87424.0,117036.07,824,13,Kolkata,Retail,Agent,2025-05-02,Yes,Low,49528.05,108,2.3,0.87424,7285.333333333333,-42242.71666666667,1.3387178577964862
47.0,213490.0,254860.26,396,5,Mumbai,SME,Branch,2025-12-09,Yes,High,28146.55,109,9.8,2.1349,17790.833333333332,-10355.716666666667,1.193780785985292
34.0,71819.0,212546.91,373,9,Delhi,SME,Online,2021-02-26,Yes,High,42465.62,92,9.1,0.71819,5984.916666666667,-36480.70333333334,2.9594802211114053
49.0,77307.0,44395.24,837,11,Kolkata,Corporate,Online,2021-08-13,Yes,Low,23565.35,75,9.7,0.77307,6442.25,-17123.1,0.5742719288033425
20.0,89027.0,132917.81,683,6,Chennai,Premium,Mobile,2024-12-10,Yes,Medium,49409.36,5,5.605416666666668,0.89027,7418.916666666667,-41990.443333333336,1.4930056050411673
33.0,165588.0,261479.32,823,4,Kolkata,SME,Branch,2021-01-14,Yes,Low,1065.92,88,4.4,1.65588,13799.0,12733.08,1.579095828200111
58.0,144735.0,74253.02,378,10,Chennai,Premium,Agent,2021-09-18,No,High,3508.08,29,3.4,1.44735,12061.25,8553.17,0.5130273948941169
31.0,189134.0,266895.61,328,9,Hyderabad,Corporate,Online,2023-02-18,Yes,High,16517.09,121,2.2,1.89134,15761.166666666666,-755.9233333333341,1.411145589899225
40.0,162788.0,40606.63,365,5,Bangalore,Retail,Mobile,2023-08-24,Yes,High,934.35,38,6.2,1.62788,13565.666666666666,12631.316666666666,0.2494448608005504
28.0,139914.0,240022.03,634,10,Mumbai,Premium,Branch,2023-09-08,Yes,Medium,1451.97,63,4.8,1.39914,11659.5,10207.53,1.715496876652801
45.0,144968.0,3447.74,677,11,Chennai,Corporate,Online,2022-11-09,No,High,8989.89,41,8.3,1.44968,12080.666666666666,3090.7766666666666,0.023782765851774183
56.0,27336.0,99632.93,515,0,Kolkata,SME,Mobile,2023-08-24,No,High,23939.74,114,8.5,0.27336,2278.0,-21661.74,3.644751609599063
32.0,71403.0,163431.67,389,15,Kolkata,SME,Online,2023-07-08,Yes,High,5164.01,84,1.5,0.71403,5950.25,786.2399999999998,2.288862792879851
43.0,188856.0,189011.96,664,9,Chennai,SME,Online,2023-08-24,Yes,Medium,28489.45,73,8.3,1.88856,15738.0,-12751.45,1.0008258143770914
64.0,149917.0,284760.21,526,3,Kolkata,Premium,Online,2021-09-05,Yes,High,32627.7,53,2.3,1.49917,12493.083333333334,-20134.61666666667,1.8994524303447908
51.0,156265.0,151344.55801855895,521,0,Bangalore,Corporate,Mobile,2021-06-15,Yes,High,19745.36,82,8.6,1.56265,13022.083333333334,-6723.276666666667,0.968512194148139
21.0,111716.0,177831.28,801,4,Bangalore,Premium,Branch,2023-07-14,No,Low,49779.69,98,2.3,1.11716,9309.666666666666,-40470.02333333334,1.5918156754627806
75.0,222576.0,137689.04,515,7,Mumbai,Corporate,Mobile,2024-09-29,Yes,High,1900.1,76,4.1,2.22576,18548.0,16647.9,0.6186158435770254
33.0,212518.0,41734.75,674,12,Mumbai,Retail,Online,2021-04-21,Yes,Medium,35983.44,67,4.7,2.12518,17709.833333333332,-18273.60666666667,0.19638218880283081
48.0,181299.0,151344.55801855895,847,0,Pune,SME,Online,2023-08-24,No,Low,22062.52,149,3.6,1.81299,15108.25,-6954.27,0.8347787799081018
50.0,66873.0,202382.36,741,6,Mumbai,Corporate,Agent,2024-08-23,Yes,Low,19763.65,111,9.1,0.66873,5572.75,-14190.900000000001,3.026368788599285
32.0,117949.0,151344.55801855895,821,0,Bangalore,SME,Online,2023-10-05,Yes,Low,12129.95,144,1.0,1.17949,9829.083333333334,-2300.866666666667,1.28313557570271
46.0,105073.0,184576.1,558,11,Chennai,SME,Branch,2024-03-26,No,Medium,23886.79,67,6.5,1.05073,8756.083333333334,-15130.706666666667,1.7566463315980319
60.0,53365.0,96817.97,514,4,Chennai,Retail,Mobile,2023-03-27,Yes,High,5969.82,44,6.9,0.53365,4447.083333333333,-1522.7366666666667,1.8142597207907805
27.0,229894.0,124420.75,407,1,Mumbai,SME,Agent,2023-08-24,No,High,24625.17,41,5.1,2.29894,19157.833333333332,-5467.336666666666,0.5412092094617519
59.0,207047.0,151344.55801855895,446,0,Kolkata,Premium,Online,2025-03-28,Yes,High,48905.85,2,5.1,2.07047,17253.916666666668,-31651.93333333333,0.7309671621349692
26.0,118808.0,49465.43,365,15,Unknown,Corporate,Mobile,2022-05-06,Yes,High,25858.09,57,7.9,1.18808,9900.666666666666,-15957.423333333334,0.4163476365227931
54.0,34503.0,184894.35,313,3,Kolkata,SME,Agent,2025-03-22,Yes,High,41656.06,62,8.5,0.34503,2875.25,-38780.81,5.3587905399530475
27.0,68541.0,248794.27,703,10,Hyderabad,Corporate,Mobile,2024-06-02,No,Low,6490.28,103,9.7,0.68541,5711.75,-778.5299999999997,3.629860521439722
26.0,58866.0,157080.16,711,5,Chennai,Premium,Agent,2025-01-23,No,Low,13089.83,97,2.6,0.58866,4905.5,-8184.33,2.6684361091292086
47.0,139914.0,138553.04,841,5,Kolkata,Corporate,Online,2023-09-27,No,Low,5403.29,21,6.3,1.39914,11659.5,6256.21,0.9902728819131753
49.0,223350.0,197734.13,738,8,Chennai,Premium,Branch,2024-01-18,No,Low,24653.42,72,2.5,2.2335,18612.5,-6040.919999999998,0.8853106335348109
68.0,139099.0,164005.58,553,9,Mumbai,Premium,Branch,2022-11-23,No,Medium,25476.56,68,4.8,1.39099,11591.583333333334,-13884.976666666667,1.1790564993278168
47.0,129576.0,60319.55,416,1,Kolkata,Retail,Online,2022-08-01,Yes,High,21820.47,89,7.7,1.29576,10798.0,-11022.470000000001,0.4655148329937643
60.0,236426.0,203242.02,506,11,Chennai,Retail,Branch,2025-06-19,Yes,High,12148.61,142,5.0,2.36426,19702.166666666668,7553.556666666667,0.8596432710446397
43.0,243200.0,9842.89,837,2,Mumbai,Premium,Agent,2024-06-25,Yes,High,10020.99,142,8.3,2.432,20266.666666666668,10245.676666666668,0.04047240953947368
46.0,113920.0,56944.59,633,3,Pune,Retail,Branch,2024-09-11,Yes,Medium,1350.06,100,4.4,1.1392,9493.333333333334,8143.273333333334,0.4998647296348314
27.0,215961.0,54058.73,583,13,Mumbai,Premium,Branch,2024-04-04,No,Medium,24625.17,49,6.1,2.15961,17996.75,-6628.419999999998,0.2503170942901728
49.0,59531.0,297163.81,327,11,Delhi,SME,Agent,2021-01-02,No,High,10970.67,71,1.7,0.59531,4960.916666666667,-6009.753333333333,4.99174900472023
38.0,208321.0,294614.86,601,7,Pune,Corporate,Branch,2023-05-31,Yes,Medium,46083.86,127,6.2,2.08321,17360.083333333332,-28723.77666666667,1.4142350507150023
71.0,51819.0,101259.74,696,3,Chennai,Premium,Branch,2025-06-04,Yes,Medium,38230.51,62,7.3,0.51819,4318.25,-33912.26,1.9541044790520852
39.0,151303.0,249849.57,622,9,Pune,Retail,Agent,2025-01-17,Yes,Medium,44199.18,77,3.9,1.51303,12608.583333333334,-31590.596666666665,1.6513193393389425
42.0,227416.0,158991.1,323,11,Bangalore,Retail,Agent,2022-03-17,Yes,High,37785.2,91,4.6,2.27416,18951.333333333332,-18833.866666666665,0.6991201146797059
18.0,181351.0,74837.46,714,10,Mumbai,SME,Online,2022-08-21,Yes,Low,25220.53,12,9.8,1.81351,15112.583333333334,-10107.946666666665,0.4126663762537841
57.0,62991.0,91380.71,689,8,Unknown,Corporate,Branch,2022-02-12,Yes,Medium,11925.48,27,8.9,0.62991,5249.25,-6676.23,1.4506947024178058
22.0,228981.0,151344.55801855895,411,7,Mumbai,Retail,Agent,2023-03-18,No,High,42532.26,53,9.7,2.28981,19081.75,-23450.510000000002,0.6609481049456459
71.0,178240.0,64868.1,570,2,Bangalore,Premium,Online,2021-04-16,Yes,Medium,24625.17,69,9.8,1.7824,14853.333333333334,-9771.836666666664,0.3639368267504488
59.0,25163.0,287549.35,777,14,Bangalore,Retail,Online,2024-06-15,Yes,Low,10283.57,66,1.9,0.25163,2096.9166666666665,-8186.653333333334,11.427466915709573
62.0,54257.0,178796.65,308,7,Delhi,Premium,Agent,2023-08-24,Yes,High,23459.57,144,1.6,0.54257,4521.416666666667,-18938.153333333332,3.2953655749488546
41.0,39357.0,161334.88,402,15,Mumbai,SME,Agent,2025-04-05,No,High,30150.01,92,5.1,0.39357,3279.75,-26870.26,4.099267728739488
29.0,79061.0,129414.19,421,13,Bangalore,Corporate,Mobile,2022-09-24,Yes,High,25877.86,128,8.3,0.79061,6588.416666666667,-19289.443333333333,1.6368903757857858
23.0,86063.0,224338.3,796,15,Unknown,Retail,Agent,2023-08-24,No,Low,44010.12,5,8.2,0.86063,7171.916666666667,-36838.20333333334,2.60667534248167
47.0,122661.0,284623.32,417,9,Kolkata,SME,Branch,2024-05-07,Yes,High,39947.12,25,7.0,1.22661,10221.75,-29725.370000000003,2.3204059970161666
47.0,55682.0,166014.06,597,0,Delhi,Corporate,Agent,2025-12-09,No,Medium,14450.37,103,3.8,0.55682,4640.166666666667,-9810.203333333335,2.9814672605150676
34.0,187624.0,151344.55801855895,557,13,Bangalore,Premium,Online,2022-06-17,Yes,Medium,17587.6,126,9.6,1.87624,15635.333333333334,-1952.2666666666646,0.8066375198192073
21.0,229366.0,227480.19,498,8,Kolkata,Retail,Mobile,2025-08-12,Yes,High,5095.83,25,7.6,2.29366,19113.833333333332,14018.003333333332,0.9917781624129122
25.0,216675.0,232014.31,351,13,Unknown,Corporate,Online,2022-11-07,No,High,49916.01,18,2.0,2.16675,18056.25,-31859.760000000002,1.0707940925349024
41.0,205231.0,169625.99,805,7,Chennai,SME,Branch,2024-01-25,No,Low,34978.68,59,4.3,2.05231,17102.583333333332,-17876.096666666668,0.8265125151658375
55.0,170047.0,175081.51,346,5,Chennai,SME,Agent,2022-07-20,Yes,High,24625.17,47,2.0,1.70047,14170.583333333334,-10454.586666666664,1.0296065793574718
70.0,144264.0,247946.43,356,2,Mumbai,Corporate,Branch,2026-01-28,Yes,High,49755.11,69,9.9,1.44264,12022.0,-37733.11,1.7186992596905672
70.0,26283.0,62576.51,346,11,Pune,SME,Branch,2024-09-12,No,High,24625.17,138,1.8,0.26283,2190.25,-22434.92,2.38087394894038
71.0,93619.0,151344.55801855895,608,10,Mumbai,SME,Mobile,2024-07-07,No,Medium,15420.53,102,5.7,0.93619,7801.583333333333,-7618.946666666668,1.6166008824977725
70.0,106929.0,220046.02,488,11,Pune,Corporate,Online,2024-04-02,Yes,High,45452.54,9,1.7,1.06929,8910.75,-36541.79,2.057870362577037
24.0,37149.0,117204.63,837,6,Bangalore,Retail,Agent,2023-02-16,Yes,Low,31404.61,140,5.9,0.37149,3095.75,-28308.86,3.1549874828393767
19.0,111475.0,158179.55,381,12,Pune,Retail,Online,2022-06-19,Yes,High,24625.17,16,7.1,1.11475,9289.583333333334,-15335.586666666664,1.418968827091276
61.0,206002.0,33879.49,481,8,Delhi,Premium,Online,2021-12-05,Yes,High,21915.8,110,6.0,2.06002,17166.833333333332,-4748.966666666667,0.1644619469713886
57.0,72638.0,245016.96,732,2,Chennai,Premium,Mobile,2023-01-11,Yes,Low,39293.3,116,5.605416666666668,0.72638,6053.166666666667,-33240.13333333334,3.373123709353231
29.0,30906.0,26277.39,328,10,Mumbai,Premium,Branch,2022-08-10,Yes,High,14302.46,10,5.0,0.30906,2575.5,-11726.96,0.8502358765288294
63.0,225422.0,168388.06,555,4,Pune,Retail,Mobile,2024-05-02,No,Medium,30946.13,7,4.6,2.25422,18785.166666666668,-12160.963333333333,0.7469903558658871
25.0,105818.0,99072.83,358,11,Bangalore,Retail,Branch,2025-05-25,No,High,8698.19,145,6.9,1.05818,8818.166666666666,119.97666666666555,0.9362568750118128
49.0,77930.0,39711.71,532,7,Pune,Retail,Branch,2025-06-11,No,High,29883.54,80,7.3,0.7793,6494.166666666667,-23389.373333333333,0.5095818041832414
28.0,218718.0,77469.31,745,12,Kolkata,SME,Online,2023-11-03,No,Low,566.02,18,2.0,2.18718,18226.5,17660.48,0.35419723113781215
56.0,232709.0,18302.14,724,2,Mumbai,Corporate,Agent,2023-08-24,No,Low,17859.77,29,7.0,2.32709,19392.416666666668,1532.6466666666674,0.07864818292373738
45.0,190937.0,281698.93,850,1,Mumbai,Retail,Online,2024-07-14,Yes,Low,47090.37,63,7.3,1.90937,15911.416666666666,-31178.95333333334,1.4753501416697654
45.0,115536.0,61274.03,402,6,Hyderabad,Premium,Mobile,2021-07-24,No,High,31628.6,130,1.7,1.15536,9628.0,-22000.6,0.5303457796704057
60.0,139914.0,57692.97,486,4,Kolkata,Premium,Agent,2022-01-20,Yes,High,10489.08,12,5.605416666666668,1.39914,11659.5,1170.42,0.41234594107809086
54.0,181995.0,14292.38,461,8,Hyderabad,Retail,Agent,2025-07-19,No,High,47186.57,59,5.7,1.81995,15166.25,-32020.32,0.07853171790433802
47.0,182364.0,222294.38,749,10,Chennai,Corporate,Online,2025-02-03,No,Low,17885.37,16,8.8,1.82364,15197.0,-2688.369999999999,1.218959772762168
52.0,63787.0,245356.89,568,12,Kolkata,Corporate,Online,2023-05-21,No,Medium,24625.17,49,6.0,0.63787,5315.583333333333,-19309.586666666666,3.8465030492106544
75.0,81273.0,63008.8,385,5,Hyderabad,SME,Branch,2021-05-12,Yes,High,24625.17,27,7.7,0.81273,6772.75,-17852.42,0.7752734610510256
36.0,166559.0,43018.61,532,6,Hyderabad,SME,Online,2025-08-12,No,High,28931.3,2,2.1,1.66559,13879.916666666666,-15051.383333333333,0.2582785079161138
73.0,206572.0,151344.55801855895,570,7,Hyderabad,Retail,Mobile,2021-12-23,Yes,Low,17946.91,76,7.9,2.06572,17214.333333333332,-732.5766666666677,0.7326479775504858
69.0,99441.0,174977.25,586,6,Chennai,Corporate,Online,2023-03-29,No,Medium,9856.34,112,1.4,0.99441,8286.75,-1569.5900000000001,1.7596087127040154
59.0,70648.0,248876.27,332,10,Chennai,Corporate,Branch,2025-07-16,Yes,High,14976.05,88,1.6,0.70648,5887.333333333333,-9088.716666666667,3.5227645510134753
68.0,116006.0,180504.65,416,14,Mumbai,SME,Branch,2025-01-19,Yes,High,29278.55,130,5.9,1.16006,9667.166666666666,-19611.38333333333,1.5559940865127666
47.0,189246.0,255141.48,570,3,Hyderabad,Premium,Online,2023-06-09,No,High,6268.96,90,1.9,1.89246,15770.5,9501.54,1.348200120478108
47.0,225857.0,251178.9,582,12,Delhi,Corporate,Branch,2022-03-21,Yes,Medium,36099.01,131,2.1,2.25857,18821.416666666668,-17277.593333333334,1.1121147451706168
43.0,163782.0,151344.55801855895,720,12,Chennai,Premium,Branch,2025-11-05,Yes,Low,24625.17,86,2.3,1.63782,13648.5,-10976.669999999998,0.9240609958271296
22.0,80099.0,219394.96,518,0,Delhi,Corporate,Mobile,2021-03-05,Yes,High,5916.81,131,1.7,0.80099,6674.916666666667,758.1066666666666,2.7390474288068516
48.0,186645.0,197416.5,408,3,Hyderabad,SME,Online,2022-10-27,No,High,5264.4,111,2.0,1.86645,15553.75,10289.35,1.0577111629028368
56.0,139914.0,180330.81,417,2,Kolkata,Retail,Online,2023-08-11,Yes,High,1720.47,96,5.3,1.39914,11659.5,9939.03,1.288868948068099
39.0,30626.0,151344.55801855895,467,1,Delhi,SME,Agent,2025-01-16,No,High,45705.66,15,6.5,0.30626,2552.1666666666665,-43153.49333333334,4.94170175728332
39.0,139914.0,115441.09,485,3,Delhi,Premium,Branch,2022-11-20,No,High,26839.93,67,6.5,1.39914,11659.5,-15180.43,0.8250860528610432
34.0,168660.0,49164.31,776,11,Bangalore,Corporate,Online,2024-10-03,Yes,Low,39964.32,63,6.4,1.6866,14055.0,-25909.32,0.2914995256729515
53.0,234684.0,93595.21,475,5,Kolkata,Premium,Agent,2022-06-06,No,High,22306.56,79,9.5,2.34684,19557.0,-2749.5600000000013,0.39881376659678547
34.0,105532.0,206933.65,758,6,Pune,SME,Online,2025-03-19,Yes,Low,32046.59,71,1.5,1.05532,8794.333333333334,-23252.256666666668,1.9608616343857788
41.0,113668.0,289964.25,457,11,Hyderabad,Premium,Agent,2023-12-04,No,High,8104.76,102,4.3,1.13668,9472.333333333334,1367.5733333333337,2.5509752085019533
39.0,34346.0,35184.04,574,7,Mumbai,SME,Agent,2025-08-28,No,Medium,9872.71,80,8.8,0.34346,2862.1666666666665,-7010.543333333333,1.0243999301228672
52.0,179741.0,203262.28,348,3,Pune,Premium,Online,2021-01-01,Yes,High,36528.87,90,1.7,1.79741,14978.416666666666,-21550.45333333334,1.1308620737616903
57.0,162328.0,125574.69,480,13,Kolkata,SME,Branch,2025-08-17,Yes,High,22749.36,95,2.8,1.62328,13527.333333333334,-9222.026666666667,0.7735861342467104
61.0,42778.0,54521.76,597,9,Delhi,Corporate,Online,2024-04-01,Yes,Medium,32923.72,125,5.6,0.42778,3564.8333333333335,-29358.88666666667,1.2745280284258265
52.0,220713.0,154260.31,806,7,Delhi,Corporate,Branch,2023-09-26,No,Low,24625.17,76,8.7,2.20713,18392.75,-6232.419999999998,0.6989180972575245
62.0,81549.0,4743.96,663,12,Delhi,Corporate,Agent,2025-07-28,Yes,High,40939.94,111,2.3,0.81549,6795.75,-34144.19,0.058173122907699666
34.0,196918.0,70498.28,413,5,Delhi,Retail,Mobile,2023-07-25,No,High,46131.35,48,6.8,1.96918,16409.833333333332,-29721.516666666666,0.3580083080266913
41.0,52723.0,264820.31,578,5,Delhi,Retail,Online,2023-08-24,No,Medium,9345.95,63,3.4,0.52723,4393.583333333333,-4952.366666666668,5.022861180130114
42.0,116357.0,167906.53,724,4,Chennai,Corporate,Online,2023-02-17,Yes,Low,8056.32,43,8.5,1.16357,9696.416666666666,1640.0966666666664,1.443029039937434
70.0,204436.0,66979.02,731,7,Delhi,Retail,Branch,2022-10-05,Yes,Low,16402.13,61,4.1,2.04436,17036.333333333332,634.2033333333311,0.32762830421256534
24.0,121019.0,111007.36,787,10,Delhi,Premium,Online,2021-05-05,No,Low,44472.13,96,9.5,1.21019,10084.916666666666,-34387.21333333333,0.917272163875094
47.0,139914.0,183400.98,442,13,Unknown,SME,Agent,2022-12-18,Yes,High,21631.65,133,7.6,1.39914,11659.5,-9972.150000000001,1.3108122132166904
48.0,121652.0,151344.55801855895,380,14,Chennai,Retail,Branch,2025-05-22,Yes,High,10790.47,2,9.8,1.21652,10137.666666666666,-652.8033333333333,1.244077845153051
68.0,243517.0,23016.85,643,8,Delhi,SME,Agent,2024-12-29,Yes,Medium,1678.4,106,8.7,2.43517,20293.083333333332,18614.68333333333,0.09451845251050234
53.0,116659.0,29662.09,647,4,Bangalore,SME,Online,2023-08-24,Yes,Medium,33156.71,127,4.3,1.16659,9721.583333333334,-23435.126666666663,0.25426319443849166
70.0,139914.0,239915.63,301,2,Delhi,Premium,Agent,2023-12-04,No,High,23352.13,46,8.4,1.39914,11659.5,-11692.630000000001,1.7147364095086983
46.0,189437.0,196248.05,345,11,Delhi,Premium,Online,2024-09-02,Yes,High,1075.52,19,6.4,1.89437,15786.416666666666,14710.896666666666,1.0359541694600316
70.0,187331.0,151344.55801855895,501,11,Delhi,Retail,Agent,2023-10-02,Yes,High,24625.17,4,4.6,1.87331,15610.916666666666,-9014.253333333332,0.8078991625441542
47.0,221553.0,155911.28,498,6,Mumbai,SME,Online,2023-11-22,Yes,High,999.48,55,7.6,2.21553,18462.75,17463.27,0.7037200128186032
75.0,106537.0,65735.24,812,8,Delhi,Premium,Online,2021-01-17,Yes,Low,18908.85,72,3.1,1.06537,8878.083333333334,-10030.766666666665,0.6170179374301886
67.0,33894.0,13488.43,551,4,Chennai,Premium,Mobile,2021-03-08,No,High,14461.1,34,8.0,0.33894,2824.5,-11636.6,0.39795922582167936
72.0,114464.0,296556.49,479,15,Pune,Premium,Branch,2023-10-22,No,High,16077.1,79,8.9,1.14464,9538.666666666666,-6538.433333333334,2.5908275964495386
47.0,54192.0,245004.65,603,15,Kolkata,Retail,Branch,2025-02-25,Yes,Medium,38287.84,122,9.0,0.54192,4516.0,-33771.84,4.521048309713611
44.0,29703.0,271819.77,626,14,Delhi,Premium,Agent,2025-05-27,No,Medium,10601.62,59,3.3,0.29703,2475.25,-8126.370000000001,9.151256438743562
33.0,74153.0,124836.43,778,9,Pune,Premium,Mobile,2023-11-26,Yes,Low,29218.73,131,10.0,0.74153,6179.416666666667,-23039.31333333333,1.6834980378406807
39.0,66424.0,129326.06,719,10,Delhi,Corporate,Agent,2025-07-14,Yes,Low,24241.78,80,2.3,0.66424,5535.333333333333,-18706.446666666667,1.9469778995543778
26.0,42153.0,28472.53,687,4,Bangalore,SME,Online,2024-02-08,Yes,Medium,45688.35,107,6.3,0.42153,3512.75,-42175.6,0.6754567883661898
55.0,157161.0,1621.48,577,10,Mumbai,SME,Branch,2022-06-21,Yes,High,40832.41,81,3.6,1.57161,13096.75,-27735.660000000003,0.01031731790965952
40.0,146999.0,160287.17,572,12,Hyderabad,Retail,Branch,2023-08-24,Yes,Medium,33834.33,50,2.3,1.46999,12249.916666666666,-21584.413333333338,1.0903963292267296
56.0,110445.0,10779.05,381,15,Kolkata,SME,Mobile,2021-08-07,No,High,44461.34,21,6.8,1.10445,9203.75,-35257.59,0.09759654126488297
20.0,223100.0,151344.55801855895,797,2,Hyderabad,Corporate,Online,2024-04-20,No,Low,15879.82,106,3.9,2.231,18591.666666666668,2711.846666666668,0.678370945847418
41.0,187082.0,211857.95,636,8,Pune,Corporate,Branch,2022-02-08,Yes,Medium,14489.97,64,7.8,1.87082,15590.166666666666,1100.1966666666667,1.132433638725265
20.0,185400.0,274577.16,821,12,Pune,Corporate,Agent,2022-05-05,No,Low,10443.1,35,2.8,1.854,15450.0,5006.9,1.480998705501618
22.0,170360.0,49572.62,447,7,Kolkata,Premium,Mobile,2023-05-28,Yes,High,32918.92,35,7.7,1.7036,14196.666666666666,-18722.253333333334,0.2909874383658136
47.0,152810.0,151344.55801855895,324,4,Bangalore,Premium,Online,2021-01-13,Yes,High,47244.45,2,8.3,1.5281,12734.166666666666,-34510.28333333333,0.9904100387314898
24.0,228127.0,32284.26,655,13,Kolkata,Corporate,Agent,2023-01-05,Yes,Medium,43856.34,133,1.5,2.28127,19010.583333333332,-24845.756666666664,0.14151880312282192
54.0,177876.0,189626.95,425,12,Bangalore,Corporate,Mobile,2023-12-27,Yes,High,10471.6,99,5.605416666666668,1.77876,14823.0,4351.4,1.066062594166723
52.0,230209.0,279051.29,429,11,Bangalore,Retail,Branch,2023-08-15,Yes,High,10822.11,70,3.6,2.30209,19184.083333333332,8361.973333333332,1.2121649892054611
47.0,235223.0,14427.69,826,11,Pune,SME,Online,2022-06-28,Yes,High,38821.49,146,4.2,2.35223,19601.916666666668,-19219.57333333333,0.06133622137290996
72.0,101373.0,104088.8,550,3,Bangalore,Corporate,Online,2024-09-16,Yes,Medium,26859.49,77,9.4,1.01373,8447.75,-18411.74,1.0267901709528178
56.0,181683.0,92999.98,771,3,Delhi,Premium,Mobile,2022-08-01,Yes,Low,31567.7,88,9.7,1.81683,15140.25,-16427.45,0.5118804731317734
56.0,27023.0,1930.56,635,6,Unknown,Retail,Mobile,2024-10-08,No,High,24625.17,142,4.6,0.27023,2251.9166666666665,-22373.25333333333,0.07144136476334974
22.0,79823.0,110844.58,821,2,Kolkata,Premium,Online,2025-01-04,Yes,Low,1561.27,76,3.7,0.79823,6651.916666666667,5090.646666666667,1.388629592974456
67.0,65390.0,137406.66,378,3,Unknown,Corporate,Mobile,2021-02-20,No,High,48870.55,64,5.8,0.6539,5449.166666666667,-43421.38333333334,2.101340571952898
29.0,230735.0,113430.23,403,4,Chennai,Retail,Mobile,2023-02-20,Yes,High,12618.13,8,5.605416666666668,2.30735,19227.916666666668,6609.786666666669,0.49160391791449065
55.0,74104.0,43182.57,813,13,Mumbai,Retail,Branch,2023-08-24,No,Low,37101.19,71,3.3,0.74104,6175.333333333333,-30925.85666666667,0.5827292723739609
50.0,107566.0,51034.63,711,4,Chennai,Corporate,Branch,2025-10-28,Yes,Low,5175.62,67,8.8,1.07566,8963.833333333334,3788.213333333334,0.4744494542885298
37.0,139914.0,205036.13,578,11,Kolkata,Retail,Agent,2022-08-06,No,Medium,21323.77,4,1.0,1.39914,11659.5,-9664.27,1.4654439870205984
58.0,128864.0,151344.55801855895,706,3,Chennai,SME,Mobile,2025-11-16,No,Low,41107.08,133,9.0,1.28864,10738.666666666666,-30368.413333333338,1.1744518098038161
47.0,139914.0,256562.1,528,7,Kolkata,Premium,Agent,2024-11-08,Yes,High,9337.38,5,4.6,1.39914,11659.5,2322.120000000001,1.8337128521806252
41.0,94669.0,49561.18,389,10,Pune,SME,Mobile,2023-11-01,Yes,High,35503.31,125,6.1,0.94669,7889.083333333333,-27614.226666666666,0.5235206878703694
42.0,95316.0,190327.24,766,8,Kolkata,Retail,Branch,2023-05-15,No,Low,44828.25,71,1.1,0.95316,7943.0,-36885.25,1.9968026354442066
31.0,174109.0,37906.94,802,8,Delhi,Premium,Agent,2022-04-20,Yes,Low,27613.0,70,8.4,1.74109,14509.083333333334,-13103.916666666666,0.21771958945258432
57.0,142235.0,270957.23,467,4,Hyderabad,Premium,Branch,2025-03-14,Yes,High,28027.72,33,8.1,1.42235,11852.916666666666,-16174.803333333335,1.9049968713748373
19.0,80426.0,175451.59,753,14,Bangalore,Retail,Online,2023-08-24,Yes,Low,46570.21,95,8.7,0.80426,6702.166666666667,-39868.043333333335,2.181528237137244
37.0,139914.0,262653.37,491,15,Bangalore,SME,Mobile,2024-08-31,Yes,High,32115.61,1,9.2,1.39914,11659.5,-20456.11,1.8772486670383235
38.0,51916.0,269836.56,323,2,Mumbai,Corporate,Online,2022-01-16,Yes,High,20173.97,39,4.9,0.51916,4326.333333333333,-15847.636666666669,5.197560674936436
47.0,244648.0,106280.33,427,0,Chennai,Retail,Agent,2024-02-28,Yes,High,35062.53,68,1.8,2.44648,20387.333333333332,-14675.196666666667,0.4344214136228377
30.0,195182.0,76814.27,734,1,Delhi,Retail,Branch,2025-11-18,No,Low,27790.86,149,7.0,1.95182,16265.166666666666,-11525.693333333335,0.3935520181164247
35.0,123864.0,103434.43,387,12,Delhi,Premium,Agent,2022-03-28,No,High,27402.73,100,7.7,1.23864,10322.0,-17080.73,0.8350645062326422
71.0,217404.0,16566.76,778,9,Mumbai,Corporate,Mobile,2022-09-15,Yes,Low,21734.01,75,1.9,2.17404,18117.0,-3617.0099999999984,0.07620264576548728
40.0,48648.0,114675.68,537,12,Mumbai,Premium,Online,2026-02-13,No,High,33775.16,54,8.5,0.48648,4054.0,-29721.160000000003,2.357253741160993
72.0,179363.0,218770.42,698,12,Delhi,SME,Branch,2024-10-19,Yes,Medium,33577.73,54,9.6,1.79363,14946.916666666666,-18630.81333333334,1.2197076320088314
20.0,120074.0,64474.96,842,9,Delhi,Corporate,Online,2024-09-02,Yes,Low,40407.38,130,3.2,1.20074,10006.166666666666,-30401.213333333333,0.5369602078718124
32.0,216533.0,8226.09,695,2,Mumbai,SME,Mobile,2024-07-25,No,High,23616.47,78,1.5,2.16533,18044.416666666668,-5572.053333333333,0.037990006142250836
41.0,162478.0,12851.27,400,8,Bangalore,SME,Agent,2023-08-24,Yes,High,9727.49,106,6.9,1.62478,13539.833333333334,3812.343333333334,0.07909544676817785
22.0,160870.0,224469.85,802,11,Pune,Retail,Agent,2023-09-18,Yes,Low,17281.91,129,5.7,1.6087,13405.833333333334,-3876.076666666666,1.395349350407161
34.0,186983.0,247298.07,318,13,Bangalore,Corporate,Online,2023-08-24,No,High,34130.72,105,1.3,1.86983,15581.916666666666,-18548.803333333337,1.3225698058112234
46.0,31823.0,167821.63,683,13,Kolkata,Corporate,Online,2022-01-04,Yes,Medium,13227.18,18,6.0,0.31823,2651.9166666666665,-10575.263333333334,5.273595512679509
35.0,101865.0,49590.69,451,9,Kolkata,Corporate,Branch,2021-12-06,No,High,25980.99,96,3.0,1.01865,8488.75,-17492.24,0.48682756589603887
30.0,201048.0,288454.0,451,0,Pune,Corporate,Online,2024-06-30,Yes,High,11188.32,101,9.1,2.01048,16754.0,5565.68,1.4347519000437707
70.0,221749.0,92365.91,465,11,Hyderabad,Retail,Agent,2025-01-28,Yes,High,40130.87,132,9.5,2.21749,18479.083333333332,-21651.78666666667,0.4165336033082449
67.0,248134.0,12595.63,781,6,Hyderabad,Corporate,Mobile,2021-12-10,Yes,High,8903.96,10,3.1,2.48134,20677.833333333332,11773.873333333333,0.05076140311283419
38.0,212686.0,89657.14,348,1,Chennai,Corporate,Agent,2023-09-16,Yes,High,39930.76,50,3.5,2.12686,17723.833333333332,-22206.92666666667,0.4215469753533378
52.0,54241.0,53151.28,817,5,Kolkata,Retail,Branch,2025-03-06,No,Low,49935.57,32,5.6,0.54241,4520.083333333333,-45415.486666666664,0.9799096624324772
69.0,205795.0,220868.66,845,0,Pune,Premium,Online,2022-03-11,Yes,Low,24625.17,139,5.605416666666668,2.05795,17149.583333333332,-7475.586666666666,1.0732459972302535
60.0,50556.0,199609.56,827,7,Pune,Corporate,Branch,2025-07-06,No,Low,24603.57,110,8.5,0.50556,4213.0,-20390.57,3.9482862568241157
23.0,134847.0,187561.43,823,3,Chennai,Premium,Mobile,2024-09-05,Yes,Low,21670.8,4,1.6,1.34847,11237.25,-10433.55,1.3909203022684968
66.0,61059.0,246948.25,620,13,Pune,Retail,Agent,2021-07-30,Yes,Medium,9090.08,78,4.4,0.61059,5088.25,-4001.83,4.04442015100149
69.0,193123.0,284969.9,422,6,Kolkata,SME,Agent,2025-12-06,No,High,37531.46,19,7.2,1.93123,16093.583333333334,-21437.876666666663,1.4755875789004935
66.0,139914.0,187508.76,313,9,Mumbai,SME,Branch,2022-09-08,No,High,21327.63,10,6.5,1.39914,11659.5,-9668.130000000001,1.3401715339422788
73.0,139914.0,185697.47,664,14,Kolkata,Corporate,Agent,2023-09-06,Yes,Medium,37767.04,100,3.7,1.39914,11659.5,-26107.54,1.3272257958460196
47.0,238440.0,266965.12,818,11,Kolkata,Retail,Online,2022-02-10,Yes,Low,29336.31,123,3.6,2.3844,19870.0,-9466.310000000001,1.1196322764636806
23.0,181222.0,261190.16,570,0,Hyderabad,Premium,Mobile,2022-01-25,No,Medium,49885.96,3,1.2,1.81222,15101.833333333334,-34784.12666666666,1.4412718102658617
18.0,144246.0,93506.95,434,8,Kolkata,SME,Branch,2022-06-26,Yes,High,47314.03,106,6.5,1.44246,12020.5,-35293.53,0.6482463985136503
32.0,51155.0,41099.72,725,15,Chennai,Premium,Branch,2022-08-07,Yes,Low,46197.21,62,3.2,0.51155,4262.916666666667,-41934.293333333335,0.8034350503372104
70.0,53625.0,292311.67,511,0,Pune,Corporate,Branch,2021-03-15,Yes,High,14724.01,19,7.8,0.53625,4468.75,-10255.26,5.451033473193473
61.0,139914.0,173652.05,671,2,Delhi,SME,Online,2024-02-08,Yes,Medium,11941.45,69,4.8,1.39914,11659.5,-281.9500000000007,1.2411341967208427
40.0,181503.0,254753.7,368,13,Pune,Corporate,Agent,2024-02-12,No,High,42710.13,140,1.8,1.81503,15125.25,-27584.879999999997,1.4035784532487068
62.0,37323.0,64400.36,742,11,Bangalore,SME,Agent,2021-12-27,Yes,Low,49942.82,69,6.8,0.37323,3110.25,-46832.57,1.72548723307344
61.0,139914.0,117838.13,527,7,Chennai,Retail,Branch,2024-02-08,Yes,High,30857.53,125,4.9,1.39914,11659.5,-19198.03,0.8422182912360451
54.0,216305.0,66146.53,712,15,Chennai,Premium,Agent,2022-04-02,Yes,Low,6139.94,77,2.9,2.16305,18025.416666666668,11885.47666666667,0.3058021312498555
71.0,42073.0,151344.55801855895,570,12,Pune,Premium,Branch,2022-05-05,Yes,Low,24625.17,54,6.3,0.42073,3506.0833333333335,-21119.086666666666,3.59718959947137
38.0,83810.0,255478.3,795,12,Kolkata,Premium,Agent,2025-03-02,No,Low,31803.84,87,1.2,0.8381,6984.166666666667,-24819.673333333332,3.048303305094857
71.0,146673.0,86401.6,514,8,Mumbai,SME,Agent,2024-01-14,No,High,4168.9,45,5.4,1.46673,12222.75,8053.85,0.5890763807926477
58.0,213978.0,148244.3,492,9,Mumbai,Corporate,Branch,2023-07-19,Yes,High,33112.32,121,5.7,2.13978,17831.5,-15280.82,0.6928015964258007
48.0,185443.0,112066.44,479,11,Delhi,Retail,Agent,2023-08-24,Yes,High,32235.41,55,9.3,1.85443,15453.583333333334,-16781.826666666668,0.6043174452527191
26.0,161156.0,50207.92,412,1,Bangalore,Corporate,Mobile,2026-03-11,Yes,High,18094.75,69,8.8,1.61156,13429.666666666666,-4665.083333333334,0.31154856164213557
39.0,74733.0,268709.39,797,9,Hyderabad,Premium,Mobile,2023-09-19,Yes,Low,36638.72,147,9.9,0.74733,6227.75,-30410.97,3.5955921748089867
47.0,144503.0,97576.17,443,4,Hyderabad,Corporate,Mobile,2023-06-25,Yes,High,26161.17,144,4.0,1.44503,12041.916666666666,-14119.253333333332,0.6752535933510031
47.0,46223.0,138456.88,444,3,Delhi,Premium,Agent,2021-06-27,No,High,25739.68,89,5.605416666666668,0.46223,3851.9166666666665,-21887.763333333332,2.995410942604331
33.0,161321.0,64603.31,821,11,Pune,SME,Online,2025-08-29,Yes,Low,8898.22,28,7.3,1.61321,13443.416666666666,4545.196666666667,0.40046435367993005
47.0,228667.0,151344.55801855895,565,2,Hyderabad,Corporate,Online,2024-02-15,Yes,Medium,2982.13,85,3.5,2.28667,19055.583333333332,16073.453333333331,0.6618557029154138
43.0,237781.0,47707.5,826,5,Pune,Premium,Branch,2022-01-01,Yes,Low,40749.45,53,7.6,2.37781,19815.083333333332,-20934.366666666665,0.20063629978846081
30.0,170639.0,279192.74,739,7,Pune,Corporate,Online,2023-07-28,Yes,Low,36337.77,29,3.4,1.70639,14219.916666666666,-22117.853333333333,1.6361601978445723
20.0,102576.0,162741.3,468,9,Mumbai,Corporate,Online,2024-09-13,Yes,High,17308.46,7,6.4,1.02576,8548.0,-8760.46,1.586543635938231
50.0,25661.0,151344.55801855895,821,11,Mumbai,Retail,Branch,2021-07-20,Yes,Low,36902.99,76,1.0,0.25661,2138.4166666666665,-34764.573333333334,5.897843342759789
49.0,231376.0,43558.95,738,8,Chennai,Premium,Agent,2024-05-27,Yes,Low,30401.57,46,7.6,2.31376,19281.333333333332,-11120.236666666668,0.1882604505220939
46.0,183038.0,134644.09,331,15,Bangalore,Retail,Mobile,2022-06-19,Yes,High,28934.47,16,5.4,1.83038,15253.166666666666,-13681.303333333335,0.735607305586818
48.0,129211.0,35524.51,304,7,Mumbai,Premium,Online,2024-04-27,Yes,High,12164.3,44,4.3,1.29211,10767.583333333334,-1396.7166666666653,0.27493410003792246
23.0,160327.0,273456.39,825,12,Mumbai,Corporate,Mobile,2025-12-31,No,Low,27439.72,122,7.4,1.60327,13360.583333333334,-14079.136666666667,1.7056165836072528
25.0,43752.0,179653.62,434,8,Kolkata,SME,Online,2022-04-19,Yes,High,27351.07,19,5.605416666666668,0.43752,3646.0,-23705.07,4.106180746023039
20.0,186633.0,270096.38,570,3,Kolkata,Retail,Online,2021-11-15,Yes,Medium,30159.19,76,8.1,1.86633,15552.75,-14606.439999999999,1.4472059067796157
41.0,134079.0,238802.22,465,10,Bangalore,Premium,Agent,2022-10-20,Yes,High,22969.68,10,5.0,1.34079,11173.25,-11796.43,1.781056093795449
22.0,25587.0,50718.53,627,8,Delhi,Retail,Mobile,2021-12-03,Yes,Medium,18381.52,54,5.8,0.25587,2132.25,-16249.27,1.9821991636377847
68.0,122033.0,122921.77,823,5,Kolkata,Premium,Branch,2023-08-11,Yes,Low,24625.17,69,7.7,1.22033,10169.416666666666,-14455.753333333332,1.007283030000082
54.0,139914.0,122633.18,689,10,Chennai,SME,Branch,2024-01-17,Yes,Medium,28460.03,56,7.0,1.39914,11659.5,-16800.53,0.8764897008162156
46.0,183285.0,111977.94,679,14,Kolkata,Corporate,Branch,2025-10-07,Yes,Medium,27672.46,8,3.0,1.83285,15273.75,-12398.71,0.6109498322284966
25.0,158533.0,200792.58,678,4,Delhi,Corporate,Online,2024-03-27,Yes,Medium,8194.89,62,2.7,1.58533,13211.083333333334,5016.1933333333345,1.26656645619524
60.0,68642.0,85472.41,654,13,Hyderabad,Premium,Agent,2023-08-24,Yes,Medium,29992.47,76,8.7,0.68642,5720.166666666667,-24272.303333333333,1.2451911366218933
51.0,217660.0,151344.55801855895,480,5,Bangalore,Retail,Branch,2025-08-05,Yes,High,10967.78,103,2.5,2.1766,18138.333333333332,7170.5533333333315,0.695325544512354
43.0,169302.0,38752.33,432,12,Delhi,Retail,Mobile,2022-04-08,No,High,49089.73,55,6.5,1.69302,14108.5,-34981.23,0.2288946970502416
70.0,55087.0,204524.59,827,9,Delhi,Corporate,Mobile,2023-08-24,Yes,Low,39745.8,25,7.4,0.55087,4590.583333333333,-35155.21666666667,3.7127560041389076
38.0,88870.0,133171.15,606,15,Chennai,Corporate,Agent,2021-03-01,No,Medium,29379.06,8,9.9,0.8887,7405.833333333333,-21973.22666666667,1.4984938674468324
21.0,81307.0,115212.79,414,2,Kolkata,SME,Agent,2024-08-07,No,High,2060.96,108,7.4,0.81307,6775.583333333333,4714.623333333333,1.4170094825783757
47.0,126459.0,193377.35,651,6,Hyderabad,Premium,Online,2024-03-31,No,Medium,36246.7,149,6.1,1.26459,10538.25,-25708.449999999997,1.5291703239785228
68.0,185866.0,294512.2,721,4,Mumbai,SME,Mobile,2025-05-12,No,Low,24625.17,103,9.4,1.85866,15488.833333333334,-9136.336666666664,1.5845404753962533
31.0,181193.0,247130.22,506,6,Delhi,SME,Online,2023-08-24,No,High,16646.16,76,5.7,1.81193,15099.416666666666,-1546.7433333333338,1.3639060007836947
36.0,156733.0,148050.3,431,1,Mumbai,Corporate,Mobile,2025-10-31,Yes,High,34900.89,111,7.5,1.56733,13061.083333333334,-21839.806666666664,0.9446019664014598
24.0,171295.0,235430.9,491,12,Delhi,Corporate,Agent,2023-05-09,Yes,High,16635.96,54,3.9,1.71295,14274.583333333334,-2361.376666666665,1.374417817215914
56.0,34078.0,264597.65,307,1,Mumbai,SME,Online,2026-01-29,No,High,26784.65,11,2.5,0.34078,2839.8333333333335,-23944.81666666667,7.764471213099361
50.0,73868.0,140499.06,740,15,Hyderabad,SME,Agent,2024-07-24,Yes,Low,5938.06,48,1.1,0.73868,6155.666666666667,217.60666666666657,1.9020287539936103
49.0,95202.0,93915.04,797,5,Bangalore,Corporate,Mobile,2023-08-06,Yes,Low,37005.73,132,9.6,0.95202,7933.5,-29072.230000000003,0.9864817966009117
40.0,142832.0,178045.73,808,7,Mumbai,SME,Agent,2023-09-22,Yes,Low,19593.75,139,2.6,1.42832,11902.666666666666,-7691.083333333334,1.2465395009521676
47.0,32813.0,251564.76,780,13,Bangalore,Premium,Agent,2021-10-20,Yes,Low,37314.97,41,8.5,0.32813,2734.4166666666665,-34580.55333333334,7.6666187181909615
27.0,150426.0,140785.57,318,5,Hyderabad,SME,Agent,2022-12-22,Yes,High,859.0,63,3.5,1.50426,12535.5,11676.5,0.9359124752369936
55.0,80419.0,151344.55801855895,375,6,Bangalore,Corporate,Mobile,2021-08-22,Yes,High,33060.03,41,3.0,0.80419,6701.583333333333,-26358.446666666667,1.881950260741354
74.0,44508.0,43144.31,409,11,Hyderabad,Premium,Mobile,2026-01-15,Yes,High,10187.08,77,5.7,0.44508,3709.0,-6478.08,0.9693607890716275
38.0,149165.0,123802.6,558,5,Pune,Corporate,Agent,2021-07-29,No,Medium,29680.52,69,7.3,1.49165,12430.416666666666,-17250.103333333333,0.8299708376629907
45.0,118269.0,151344.55801855895,460,14,Pune,SME,Branch,2026-03-02,Yes,High,20084.52,102,5.605416666666668,1.18269,9855.75,-10228.77,1.279663800476532
70.0,236830.0,25175.86,572,14,Pune,SME,Online,2024-01-28,No,Medium,2240.46,26,5.3,2.3683,19735.833333333332,17495.373333333333,0.10630350884600769
28.0,214648.0,111660.12,405,5,Mumbai,Corporate,Online,2023-07-03,Yes,High,11745.97,13,8.9,2.14648,17887.333333333332,6141.363333333333,0.5202010733852633
46.0,219718.0,139704.76,348,12,Delhi,Premium,Branch,2021-11-26,Yes,High,44693.27,6,6.7,2.19718,18309.833333333332,-26383.436666666665,0.635836663359397
47.0,139914.0,91209.08,384,13,Kolkata,SME,Branch,2022-05-10,Yes,High,8631.05,9,8.1,1.39914,11659.5,3028.4500000000007,0.6518938776677102
54.0,173702.0,166406.31,672,9,Chennai,Corporate,Online,2022-03-20,Yes,Medium,24625.17,47,7.3,1.73702,14475.166666666666,-10150.003333333332,0.9579988140608628
42.0,162348.0,124692.66,570,12,Mumbai,Corporate,Online,2021-01-20,Yes,Medium,4691.47,66,3.3,1.62348,13529.0,8837.529999999999,0.768057875674477
20.0,139914.0,201973.93,325,11,Kolkata,SME,Mobile,2024-08-24,No,High,39303.87,86,4.3,1.39914,11659.5,-27644.370000000003,1.443557685435339
43.0,98770.0,51626.77,490,10,Delhi,Premium,Branch,2021-08-25,No,High,24625.17,121,5.3,0.9877,8230.833333333334,-16394.336666666662,0.5226968715196921
47.0,181921.0,263294.11,611,14,Mumbai,Corporate,Agent,2023-05-17,No,Medium,24625.17,48,6.3,1.81921,15160.083333333334,-9465.086666666664,1.4472991573265317
70.0,185928.0,290115.8,738,14,Chennai,Retail,Branch,2025-03-01,Yes,Low,21283.54,107,1.4,1.85928,15494.0,-5789.540000000001,1.56036637838303
43.0,127215.0,279266.21,807,14,Mumbai,Corporate,Online,2024-03-26,Yes,Low,40664.67,97,2.8,1.27215,10601.25,-30063.42,2.1952302008410958
39.0,50559.0,13456.07,567,4,Bangalore,SME,Online,2021-07-11,Yes,High,46239.71,121,6.5,0.50559,4213.25,-42026.46,0.2661458889614114
53.0,248725.0,184773.57,419,6,Bangalore,Corporate,Online,2024-11-07,Yes,High,36027.25,109,5.6,2.48725,20727.083333333332,-15300.166666666668,0.7428829832143934
44.0,111988.0,215271.64,841,14,Pune,Retail,Branch,2022-07-24,Yes,Low,38318.62,41,5.3,1.11988,9332.333333333334,-28986.286666666667,1.9222741722327394
47.0,108362.0,151344.55801855895,531,1,Delhi,Premium,Agent,2025-09-08,Yes,High,17857.14,35,8.7,1.08362,9030.166666666666,-8826.973333333333,1.3966571124430978
43.0,54516.0,49770.31,472,3,Chennai,Premium,Online,2023-08-24,No,High,48225.22,140,2.0,0.54516,4543.0,-43682.22,0.9129486756181671
62.0,98794.0,273350.49,537,0,Bangalore,SME,Online,2026-01-01,Yes,High,24625.17,136,5.605416666666668,0.98794,8232.833333333334,-16392.336666666662,2.7668733931210396
65.0,40037.0,76090.67,494,7,Bangalore,Retail,Agent,2024-09-03,Yes,High,23019.29,67,5.1,0.40037,3336.4166666666665,-19682.873333333333,1.9005087793790743
36.0,232779.0,257138.87,763,11,Kolkata,Premium,Online,2021-11-14,Yes,Low,27191.91,60,5.8,2.32779,19398.25,-7793.66,1.1046480567405135
44.0,229237.0,146812.93,517,0,Chennai,Premium,Online,2024-10-01,Yes,High,21994.72,2,5.7,2.29237,19103.083333333332,-2891.636666666669,0.6404416826254051
75.0,57556.0,132.83,793,4,Bangalore,Retail,Agent,2021-04-01,Yes,High,23017.88,110,2.9,0.57556,4796.333333333333,-18221.54666666667,0.00230783932170408
75.0,42633.0,189210.14,735,12,Chennai,Corporate,Mobile,2021-07-11,Yes,Low,9471.77,90,5.8,0.42633,3552.75,-5919.02,4.438114606056342
63.0,139914.0,90905.25,697,1,Pune,Premium,Online,2024-09-11,Yes,Medium,3944.8,100,2.9,1.39914,11659.5,7714.7,0.6497223294309361
22.0,203148.0,40095.17,838,5,Hyderabad,SME,Branch,2023-12-05,No,Low,31999.04,25,8.6,2.03148,16929.0,-15070.04,0.19736925788095377
41.0,220451.0,207203.93,356,8,Bangalore,Premium,Online,2021-07-30,No,High,39333.25,73,4.8,2.20451,18370.916666666668,-20962.333333333332,0.9399092315299091
20.0,110708.0,246577.99,802,9,Hyderabad,SME,Agent,2022-05-06,Yes,Low,32951.9,60,2.2,1.10708,9225.666666666666,-23726.233333333337,2.227282490876901
57.0,59051.0,203434.15,481,5,Kolkata,Corporate,Agent,2021-04-16,No,High,14602.98,76,5.605416666666668,0.59051,4920.916666666667,-9682.063333333332,3.4450585087466763
52.0,198063.0,211847.55,605,12,Pune,Retail,Online,2023-07-07,Yes,Medium,31905.43,35,4.0,1.98063,16505.25,-15400.18,1.0695967949591796
24.0,244772.0,183677.45,433,8,Delhi,Retail,Agent,2023-02-26,No,High,33860.25,100,5.605416666666668,2.44772,20397.666666666668,-13462.583333333332,0.7504022110372102
68.0,154295.0,283178.49,837,8,Mumbai,Premium,Branch,2025-03-14,Yes,Low,5433.23,71,4.3,1.54295,12857.916666666666,7424.6866666666665,1.835305680676626
51.0,141891.0,158169.8,641,7,Kolkata,SME,Online,2023-06-17,Yes,Medium,33488.12,111,1.4,1.41891,11824.25,-21663.870000000003,1.1147275020966798
54.0,200641.0,152233.91,731,10,Chennai,Premium,Branch,2024-02-24,Yes,Low,4049.67,48,5.605416666666668,2.00641,16720.083333333332,12670.413333333332,0.7587377953658525
51.0,126268.0,294130.67,468,14,Mumbai,SME,Mobile,2022-06-01,Yes,High,9893.3,118,2.5,1.26268,10522.333333333334,629.0333333333347,2.329415766464979
40.0,176175.0,10502.37,511,6,Kolkata,Retail,Mobile,2023-06-20,No,High,35772.61,24,5.6,1.76175,14681.25,-21091.36,0.05961328224776501
56.0,139914.0,121967.04,623,3,Pune,Retail,Online,2024-05-03,No,Medium,30253.3,67,4.5,1.39914,11659.5,-18593.8,0.8717286333033148
41.0,164999.0,268812.24,518,5,Bangalore,Premium,Branch,2026-02-24,Yes,High,31351.25,87,2.6,1.64999,13749.916666666666,-17601.333333333336,1.6291749646967557
47.0,192450.0,252983.43,528,13,Unknown,Retail,Branch,2025-01-13,No,High,28123.42,16,6.1,1.9245,16037.5,-12085.919999999998,1.314541075604053
73.0,215706.0,113885.03,487,13,Kolkata,SME,Mobile,2024-12-12,Yes,High,24625.17,115,1.8,2.15706,17975.5,-6649.669999999998,0.5279641270989217
43.0,186731.0,215747.97,572,13,Mumbai,Premium,Mobile,2023-01-17,Yes,Medium,7768.98,126,1.2,1.86731,15560.916666666666,7791.9366666666665,1.1553944979676647
51.0,236476.0,202831.51,765,12,Kolkata,Corporate,Online,2024-08-10,Yes,Low,28468.38,101,8.9,2.36476,19706.333333333332,-8762.046666666669,0.8577255620020636
41.0,75106.0,8900.47,365,2,Hyderabad,Retail,Agent,2021-03-07,Yes,High,30726.82,77,7.7,0.75106,6258.833333333333,-24467.986666666668,0.11850544563683327
52.0,88888.0,151344.55801855895,793,5,Bangalore,Premium,Agent,2022-04-15,No,Low,26601.31,47,5.2,0.88888,7407.333333333333,-19193.97666666667,1.7026433041418296
69.0,128892.0,151344.55801855895,356,3,Mumbai,SME,Branch,2021-02-12,Yes,High,12550.97,132,6.5,1.28892,10741.0,-1809.9699999999993,1.1741966764311125
73.0,106942.0,229548.1,797,5,Hyderabad,SME,Agent,2024-12-18,No,Low,45804.97,104,2.6,1.06942,8911.833333333334,-36893.136666666665,2.146472854444465
47.0,137020.0,151344.55801855895,578,15,Hyderabad,Corporate,Branch,2023-08-16,Yes,Medium,15216.38,92,9.4,1.3702,11418.333333333334,-3798.0466666666653,1.1045435558207484
74.0,142407.0,139516.57,443,6,Pune,Corporate,Agent,2025-09-15,Yes,High,21901.21,113,1.7,1.42407,11867.25,-10033.96,0.9797030342609563
68.0,153386.0,151344.55801855895,782,10,Kolkata,Corporate,Agent,2024-10-25,No,Low,30913.3,89,6.4,1.53386,12782.166666666666,-18131.13333333333,0.986690819361343
39.0,172603.0,202837.62,379,0,Chennai,Premium,Online,2023-01-26,Yes,High,3659.39,111,7.7,1.72603,14383.583333333334,10724.193333333335,1.1751685660156543
56.0,129792.0,194332.27,583,3,Bangalore,Corporate,Mobile,2023-08-24,Yes,Medium,35250.77,117,7.0,1.29792,10816.0,-24434.769999999997,1.4972592301528598
64.0,121055.0,88640.38,795,6,Delhi,SME,Online,2025-11-08,Yes,Low,2492.12,2,8.6,1.21055,10087.916666666666,7595.796666666666,0.7322322911073479
75.0,149661.0,77816.52,503,15,Kolkata,Premium,Mobile,2026-01-24,Yes,High,7961.25,43,5.605416666666668,1.49661,12471.75,4510.5,0.5199518912742799
75.0,181498.0,164010.16,449,6,Mumbai,SME,Branch,2025-07-01,Yes,High,31413.64,76,8.7,1.81498,15124.833333333334,-16288.806666666665,0.903647202723997
40.0,58756.0,137539.93,375,4,Chennai,Premium,Online,2021-05-11,Yes,High,2928.15,29,6.0,0.58756,4896.333333333333,1968.183333333333,2.3408661243107085
58.0,152118.0,216196.54,629,2,Unknown,Corporate,Mobile,2023-08-24,Yes,Medium,14825.55,5,9.3,1.52118,12676.5,-2149.0499999999993,1.4212423250371422
75.0,59707.0,285906.01,626,6,Hyderabad,Retail,Online,2024-09-01,No,Medium,37625.75,50,2.5,0.59707,4975.583333333333,-32650.166666666668,4.78848392985747
28.0,187002.0,42332.28,399,14,Pune,Premium,Online,2023-05-01,No,High,6104.42,79,8.1,1.87002,15583.5,9479.08,0.22637340777103987
73.0,139914.0,105541.5,510,13,Bangalore,Corporate,Branch,2022-06-11,No,High,43169.88,17,3.6,1.39914,11659.5,-31510.379999999997,0.7543312320425404
39.0,219442.0,187937.11,361,13,Bangalore,Corporate,Online,2024-05-28,No,High,45922.84,110,2.1,2.19442,18286.833333333332,-27636.006666666664,0.8564318134176684
43.0,90794.0,284026.81,619,13,Delhi,Retail,Branch,2024-12-03,No,Medium,9069.71,129,3.5,0.90794,7566.166666666667,-1503.5433333333322,3.1282552811859814
23.0,197307.0,137470.4,312,11,Delhi,Retail,Agent,2022-03-08,Yes,High,15303.68,112,9.9,1.97307,16442.25,1138.5699999999997,0.6967335168037626
35.0,199018.0,156963.92,507,13,Mumbai,Retail,Agent,2025-02-28,No,High,24625.17,49,6.6,1.99018,16584.833333333332,-8040.336666666666,0.7886920781034882
18.0,166706.0,151344.55801855895,413,3,Hyderabad,Corporate,Online,2025-05-06,Yes,High,34235.98,103,5.6,1.66706,13892.166666666666,-20343.81333333334,0.9078530947809854
53.0,96635.0,186272.58,802,15,Hyderabad,Premium,Agent,2024-01-07,Yes,Low,41512.66,129,8.7,0.96635,8052.916666666667,-33459.74333333334,1.9275891757644745
20.0,169097.0,249206.55,568,4,Kolkata,Corporate,Mobile,2025-03-10,Yes,Medium,48568.09,89,9.2,1.69097,14091.416666666666,-34476.67333333333,1.4737490907585586
30.0,123605.0,106109.01,466,7,Kolkata,SME,Branch,2026-02-04,Yes,High,24625.17,73,7.3,1.23605,10300.416666666666,-14324.753333333332,0.8584524088831358
48.0,137990.0,69238.4,495,7,Chennai,Premium,Online,2024-07-30,No,High,19685.29,129,7.0,1.3799,11499.166666666666,-8186.123333333335,0.501763895934488
57.0,214834.0,172433.87,502,5,Kolkata,Premium,Branch,2023-05-15,Yes,High,18480.69,7,3.9,2.14834,17902.833333333332,-577.8566666666666,0.8026377109768472
31.0,112896.0,54801.72,625,11,Chennai,Corporate,Branch,2022-11-11,No,Medium,35601.63,100,5.5,1.12896,9408.0,-26193.629999999997,0.48541772959183677
47.0,145575.0,158617.33,768,5,Kolkata,Corporate,Mobile,2023-06-12,Yes,Low,22645.3,127,7.5,1.45575,12131.25,-10514.05,1.0895918255194916
70.0,148008.0,27216.51,427,6,Pune,SME,Online,2023-06-24,Yes,High,24312.03,82,9.3,1.48008,12334.0,-11978.029999999999,0.1838853980865899
19.0,106912.0,234451.69,503,8,Chennai,Corporate,Mobile,2025-09-27,No,High,12914.8,130,2.3,1.06912,8909.333333333334,-4005.4666666666653,2.192940829841365
43.0,183059.0,29470.5,793,5,Bangalore,SME,Online,2022-06-28,No,Low,44560.22,62,3.4,1.83059,15254.916666666666,-29305.303333333337,0.16098908002338044
31.0,244055.0,249045.29,761,12,Chennai,Retail,Online,2025-09-28,Yes,Low,2294.49,24,6.0,2.44055,20337.916666666668,18043.426666666666,1.0204473991518306
73.0,190243.0,113767.96,514,12,Delhi,SME,Mobile,2024-11-15,Yes,High,8810.69,78,5.605416666666668,1.90243,15853.583333333334,7042.893333333333,0.5980139085275148
60.0,134089.0,7059.75,570,15,Chennai,Corporate,Online,2021-06-04,Yes,High,19724.16,128,2.5,1.34089,11174.083333333334,-8550.076666666666,0.05264973264026132
34.0,43681.0,236847.69,848,9,Delhi,Retail,Branch,2023-07-22,Yes,Low,28950.41,135,1.2,0.43681,3640.0833333333335,-25310.326666666668,5.422213090359653
57.0,227380.0,151344.55801855895,758,7,Hyderabad,Corporate,Mobile,2025-08-31,Yes,Low,33919.62,35,6.6,2.2738,18948.333333333332,-14971.28666666667,0.6656018911890181
21.0,69900.0,279763.38,513,3,Mumbai,Retail,Mobile,2021-09-17,Yes,High,33811.04,93,9.5,0.699,5825.0,-27986.04,4.002337339055794
65.0,147720.0,64388.42,628,7,Bangalore,Corporate,Online,2026-01-17,No,Medium,7896.88,129,1.5,1.4772,12310.0,4413.12,0.4358815326292987
43.0,56007.0,66145.11,318,6,Bangalore,Retail,Online,2021-08-07,Yes,High,49075.75,64,7.8,0.56007,4667.25,-44408.5,1.1810150516899673
47.0,223893.0,284475.46,442,9,Bangalore,Retail,Branch,2022-09-11,Yes,High,42878.45,18,6.7,2.23893,18657.75,-24220.699999999997,1.270586664165472
54.0,171323.0,261614.5,408,11,Chennai,Retail,Agent,2021-11-10,Yes,High,11024.85,137,7.4,1.71323,14276.916666666666,3252.0666666666657,1.5270249762145187
19.0,95831.0,201282.9,556,0,Chennai,Premium,Agent,2022-02-12,No,Medium,30272.82,119,7.5,0.95831,7985.916666666667,-22286.903333333332,2.100394444386472
42.0,164251.0,201854.14,428,4,Delhi,Premium,Agent,2023-04-17,Yes,High,20597.62,91,4.2,1.64251,13687.583333333334,-6910.036666666665,1.2289370536556856
42.0,206749.0,201492.68,326,0,Kolkata,Corporate,Agent,2022-04-27,No,High,34296.47,145,5.5,2.06749,17229.083333333332,-17067.38666666667,0.9745763220136494
41.0,224408.0,209459.53,481,6,Hyderabad,SME,Mobile,2025-10-13,No,High,9185.02,114,9.7,2.24408,18700.666666666668,9515.646666666667,0.933387089586824
68.0,139914.0,63234.43,381,0,Delhi,Corporate,Mobile,2021-03-17,Yes,High,34570.09,47,6.7,1.39914,11659.5,-22910.589999999997,0.451952127735609
61.0,72837.0,245939.34,411,1,Pune,Premium,Branch,2024-01-10,Yes,High,41591.88,125,8.0,0.72837,6069.75,-35522.13,3.3765715227151034
45.0,150991.0,151344.55801855895,528,4,Chennai,Premium,Branch,2025-11-16,Yes,High,4528.82,98,5.605416666666668,1.50991,12582.583333333334,8053.763333333334,1.0023415833960896
40.0,61041.0,166648.63,570,1,Bangalore,Premium,Mobile,2021-12-14,No,High,48728.72,60,3.8,0.61041,5086.75,-43641.97,2.7301097622909194
25.0,114818.0,232290.8,431,9,Hyderabad,Premium,Agent,2021-01-26,Yes,High,48575.33,68,3.9,1.14818,9568.166666666666,-39007.16333333334,2.0231218101691373
27.0,53854.0,84840.34,391,5,Delhi,Premium,Mobile,2023-11-20,No,High,34248.94,44,3.0,0.53854,4487.833333333333,-29761.10666666667,1.5753767593864894
67.0,198312.0,13369.15,321,5,Kolkata,Retail,Mobile,2021-05-29,Yes,High,28233.37,31,4.6,1.98312,16526.0,-11707.369999999999,0.067414730323934
47.0,165659.0,194431.51,749,11,Hyderabad,Retail,Branch,2023-08-24,No,Low,16942.59,85,8.2,1.65659,13804.916666666666,-3137.673333333334,1.1736851604802638
56.0,228502.0,151344.55801855895,651,6,Bangalore,Retail,Mobile,2025-02-18,Yes,Medium,8909.2,48,2.9,2.28502,19041.833333333332,10132.633333333331,0.6623336251698407
52.0,89307.0,267395.46,640,2,Mumbai,Corporate,Online,2025-08-27,Yes,Medium,21960.38,12,6.5,0.89307,7442.25,-14518.130000000001,2.9941153548993924
27.0,191703.0,226148.91,586,10,Chennai,Retail,Online,2022-07-25,No,Medium,33166.25,116,4.1,1.91703,15975.25,-17191.0,1.1796837295190998
53.0,192188.0,191370.56,570,8,Pune,Retail,Mobile,2023-09-14,Yes,High,25147.93,48,3.9,1.92188,16015.666666666666,-9132.263333333334,0.9957466647241243
28.0,233883.0,118788.48,346,2,Delhi,Corporate,Online,2021-06-01,No,High,22402.31,111,2.8,2.33883,19490.25,-2912.0600000000013,0.5078970254357948
64.0,161511.0,259092.43,536,9,Hyderabad,Premium,Agent,2022-10-09,Yes,High,42097.89,98,8.3,1.61511,13459.25,-28638.64,1.604178229346608
47.0,201325.0,136685.75,648,8,Bangalore,SME,Online,2025-04-06,Yes,Medium,24625.17,120,6.6,2.01325,16777.083333333332,-7848.086666666666,0.6789308332298523
47.0,174817.0,151344.55801855895,836,8,Delhi,Premium,Mobile,2025-08-08,No,Low,39637.65,42,5.3,1.74817,14568.083333333334,-25069.566666666666,0.8657313534642452
47.0,147721.0,260881.82,570,11,Hyderabad,Retail,Mobile,2024-08-19,No,High,27143.51,104,8.7,1.47721,12310.083333333334,-14833.426666666664,1.7660442320320062
20.0,79253.0,221822.47,656,0,Chennai,Corporate,Agent,2023-08-24,Yes,Medium,20663.08,126,9.1,0.79253,6604.416666666667,-14058.663333333334,2.798915750823313
72.0,103707.0,151344.55801855895,671,2,Bangalore,SME,Mobile,2025-06-19,Yes,High,14643.71,43,5.1,1.03707,8642.25,-6001.459999999999,1.4593475659170447
43.0,114186.0,174895.33,570,5,Pune,SME,Agent,2026-01-13,No,High,44065.28,108,9.4,1.14186,9515.5,-34549.78,1.531670520028725
21.0,207184.0,283534.26,843,8,Kolkata,Premium,Agent,2023-02-16,Yes,Low,42096.64,111,5.605416666666668,2.07184,17265.333333333332,-24831.306666666667,1.3685142675110047
28.0,59964.0,175349.94,570,13,Mumbai,Premium,Agent,2023-12-30,No,High,39038.02,50,6.5,0.59964,4997.0,-34041.02,2.9242535521312787
70.0,61378.0,15005.57,846,1,Chennai,Corporate,Agent,2025-03-27,Yes,Low,24625.17,67,9.7,0.61378,5114.833333333333,-19510.336666666666,0.24447798885594185
61.0,148950.0,139220.01,800,8,Pune,Retail,Online,2023-01-31,Yes,Low,14797.06,121,7.5,1.4895,12412.5,-2384.5599999999995,0.9346761329305137
58.0,101559.0,277208.06,350,0,Delhi,Retail,Agent,2023-08-24,Yes,High,35315.38,98,3.9,1.01559,8463.25,-26852.129999999997,2.7295272698628383
64.0,50169.0,124354.82,608,4,Kolkata,SME,Branch,2023-08-24,Yes,Medium,16280.52,51,5.9,0.50169,4180.75,-12099.77,2.4787183320377126
18.0,52082.0,212704.12,622,7,Delhi,Premium,Mobile,2022-05-21,Yes,Medium,13805.46,51,4.4,0.52082,4340.166666666667,-9465.293333333331,4.084023655005568
50.0,187727.0,41404.65,429,0,Mumbai,Premium,Mobile,2022-11-15,No,High,36597.16,14,3.3,1.87727,15643.916666666666,-20953.24333333334,0.22055777805004076
58.0,123696.0,241793.67,429,2,Unknown,Retail,Mobile,2023-10-06,No,High,37894.96,80,3.1,1.23696,10308.0,-27586.96,1.954741220411331
50.0,101260.0,118561.78,405,10,Bangalore,SME,Mobile,2025-12-28,Yes,High,7961.48,44,4.4,1.0126,8438.333333333334,476.8533333333344,1.1708649022318782
56.0,114570.0,117178.08,518,15,Mumbai,Premium,Branch,2022-05-14,Yes,High,30564.14,122,7.5,1.1457,9547.5,-21016.64,1.022764074365017
27.0,83005.0,296018.73,449,12,Bangalore,Corporate,Online,2024-03-10,No,High,32992.45,26,5.8,0.83005,6917.083333333333,-26075.366666666665,3.566275886994759
74.0,130487.0,99599.49,836,2,Kolkata,SME,Branch,2022-03-25,Yes,Low,26853.74,71,5.6,1.30487,10873.916666666666,-15979.823333333336,0.763290519362082
64.0,88852.0,155171.81,435,12,Delhi,SME,Mobile,2024-10-31,Yes,High,27087.48,88,8.9,0.88852,7404.333333333333,-19683.146666666667,1.74640762166299
38.0,237978.0,53157.75,425,13,Hyderabad,Retail,Online,2023-08-04,Yes,High,47369.94,11,5.8,2.37978,19831.5,-27538.440000000002,0.22337253863802536
63.0,155349.0,151344.55801855895,350,7,Hyderabad,SME,Mobile,2023-08-24,Yes,High,31757.94,23,1.7,1.55349,12945.75,-18812.19,0.9742229304247787
67.0,230730.0,289146.95,485,6,Hyderabad,Retail,Agent,2021-09-11,Yes,High,17730.73,27,1.4,2.3073,19227.5,1496.7700000000004,1.2531831578034933
33.0,229456.0,178140.74,353,15,Delhi,Corporate,Branch,2023-08-24,No,High,20329.47,101,5.8,2.29456,19121.333333333332,-1208.136666666669,0.7763612195802245
23.0,206172.0,144814.04,420,6,Hyderabad,Premium,Agent,2022-09-11,No,High,24851.05,144,8.5,2.06172,17181.0,-7670.049999999999,0.7023943115456998
34.0,166214.0,260523.24,324,10,Hyderabad,Premium,Branch,2022-12-06,No,High,3220.2,6,6.9,1.66214,13851.166666666666,10630.966666666667,1.567396488863754
35.0,44623.0,151344.55801855895,720,6,Mumbai,Retail,Online,2021-07-18,Yes,Low,45565.35,58,8.3,0.44623,3718.5833333333335,-41846.76666666666,3.391626695169732
52.0,139914.0,151344.55801855895,548,2,Hyderabad,Premium,Mobile,2021-10-13,Yes,High,20855.75,40,3.1,1.39914,11659.5,-9196.25,1.0816970283070955
64.0,233611.0,136475.67,536,15,Bangalore,Corporate,Agent,2024-02-13,Yes,High,14887.19,112,1.8,2.33611,19467.583333333332,4580.393333333332,0.5842005299407991
66.0,110371.0,260450.79,525,6,Pune,Corporate,Agent,2024-05-24,No,High,24625.17,53,4.3,1.10371,9197.583333333334,-15427.586666666664,2.35977557510578
72.0,195413.0,177422.03,642,0,Mumbai,Premium,Online,2025-01-18,Yes,Medium,21530.96,31,6.1,1.95413,16284.416666666666,-5246.543333333333,0.9079336072830364
41.0,84871.0,298969.7,526,9,Mumbai,Premium,Online,2023-08-24,Yes,High,24625.17,23,9.4,0.84871,7072.583333333333,-17552.586666666666,3.5226367074736955
58.0,42071.0,153954.93,535,3,Delhi,SME,Agent,2021-04-11,Yes,High,49025.94,76,8.5,0.42071,3505.9166666666665,-45520.02333333334,3.6594074302964037
64.0,203756.0,24066.67,744,10,Chennai,Corporate,Agent,2024-11-15,Yes,Low,31150.79,120,3.7,2.03756,16979.666666666668,-14171.123333333333,0.1181151475293979
47.0,92494.0,282918.57,550,7,Mumbai,Premium,Online,2021-08-10,No,Medium,24625.17,96,6.5,0.92494,7707.833333333333,-16917.336666666666,3.05877754232707
75.0,113801.0,119039.05,720,8,Bangalore,SME,Mobile,2025-02-17,Yes,Low,41260.93,120,2.4,1.13801,9483.416666666666,-31777.513333333336,1.046028154409891
47.0,71851.0,112344.12,606,7,Delhi,Retail,Agent,2023-03-24,No,Medium,47955.54,75,1.1,0.71851,5987.583333333333,-41967.956666666665,1.5635707227456819
68.0,99567.0,174358.63,840,0,Delhi,Premium,Branch,2023-08-24,Yes,Low,9752.14,37,9.6,0.99567,8297.25,-1454.8899999999994,1.7511688611688612
36.0,41052.0,167378.23,666,10,Hyderabad,Premium,Agent,2021-12-27,Yes,Medium,23249.56,36,5.0,0.41052,3421.0,-19828.56,4.077224739354965
44.0,169832.0,82871.2,648,5,Hyderabad,Retail,Mobile,2023-12-07,No,Medium,36220.67,37,7.4,1.69832,14152.666666666666,-22068.003333333334,0.4879598662207358
54.0,134472.0,169864.5,612,15,Unknown,Corporate,Branch,2022-07-17,Yes,Medium,2427.22,136,1.7,1.34472,11206.0,8778.78,1.2631960556844548
19.0,218118.0,206221.91,300,2,Pune,Premium,Mobile,2023-09-23,No,High,24625.17,96,1.4,2.18118,18176.5,-6448.669999999998,0.9454603013047983
31.0,142322.0,151344.55801855895,647,7,Kolkata,SME,Branch,2023-10-09,Yes,Medium,48448.81,8,6.4,1.42322,11860.166666666666,-36588.64333333333,1.0633953852430331
22.0,139914.0,64818.03,356,9,Mumbai,Corporate,Agent,2022-12-22,Yes,High,30732.05,55,3.7,1.39914,11659.5,-19072.55,0.4632705090269737
59.0,211987.0,180740.95,405,8,Delhi,Corporate,Online,2025-06-08,Yes,High,41062.19,14,4.7,2.11987,17665.583333333332,-23396.60666666667,0.8526039332600585
71.0,34715.0,235956.71,565,4,Bangalore,Premium,Branch,2022-02-28,Yes,Medium,9532.58,40,1.2,0.34715,2892.9166666666665,-6639.663333333334,6.796967017139565
33.0,62823.0,27412.23,411,13,Pune,SME,Mobile,2023-06-28,No,High,35099.76,53,7.0,0.62823,5235.25,-29864.510000000002,0.4363406714101523
63.0,110436.0,293109.5,815,3,Bangalore,Premium,Mobile,2023-08-24,No,Low,13264.57,119,4.5,1.10436,9203.0,-4061.5699999999997,2.654111883806005
44.0,128896.0,227720.68,396,5,Delhi,Retail,Agent,2022-02-13,No,High,47938.25,16,5.605416666666668,1.28896,10741.333333333334,-37196.916666666664,1.7667009061569017
41.0,97715.0,283194.69,443,0,Mumbai,SME,Online,2025-01-31,Yes,High,34926.04,10,4.9,0.97715,8142.916666666667,-26783.123333333333,2.898170086475976
51.0,174960.0,10481.77,628,2,Delhi,Premium,Agent,2023-01-20,No,High,14550.38,19,1.1,1.7496,14580.0,29.6200000000008,0.05990952217649749
19.0,208720.0,151344.55801855895,324,2,Mumbai,Corporate,Mobile,2023-09-01,Yes,High,26058.82,97,3.5,2.0872,17393.333333333332,-8665.486666666668,0.725108077896507
47.0,182462.0,129295.17,422,15,Bangalore,Corporate,Branch,2023-07-31,Yes,High,45989.48,110,4.5,1.82462,15205.166666666666,-30784.31333333334,0.7086142320044722
42.0,140725.0,101244.1,561,13,Bangalore,Premium,Agent,2022-09-15,Yes,Medium,24625.17,27,3.2,1.40725,11727.083333333334,-12898.086666666664,0.7194464380884704
58.0,240602.0,273969.8,590,1,Chennai,Retail,Mobile,2023-08-24,Yes,Medium,39820.44,113,5.2,2.40602,20050.166666666668,-19770.273333333334,1.138684632712945
44.0,56598.0,106855.69,367,5,Mumbai,Premium,Branch,2022-06-27,Yes,High,26638.89,3,7.1,0.56598,4716.5,-21922.39,1.8879764302625535
30.0,179571.0,228326.49,605,7,Hyderabad,Retail,Mobile,2024-06-26,No,Medium,45402.31,28,7.2,1.79571,14964.25,-30438.059999999998,1.2715109343936382
60.0,248131.0,6201.41,342,9,Kolkata,SME,Mobile,2025-11-06,Yes,High,26123.58,118,5.7,2.48131,20677.583333333332,-5445.99666666667,0.024992483808955752
18.0,193452.0,82664.38,570,13,Delhi,Retail,Agent,2024-02-23,No,High,3373.29,138,5.605416666666668,1.93452,16121.0,12747.71,0.42731209809151627
64.0,212598.0,7405.25,323,0,Chennai,Premium,Online,2022-04-26,No,High,16565.32,18,6.7,2.12598,17716.5,1151.1800000000003,0.03483217151619489
38.0,49226.0,103568.99,550,13,Hyderabad,Premium,Online,2026-02-27,Yes,Medium,23791.8,18,8.8,0.49226,4102.166666666667,-19689.63333333333,2.1039489294275384
45.0,104671.0,298494.41,564,9,Kolkata,Premium,Online,2021-11-20,Yes,Medium,37530.42,71,7.1,1.04671,8722.583333333334,-28807.836666666662,2.85173935474009
31.0,209402.0,138200.95,839,1,Mumbai,Retail,Mobile,2023-01-13,No,Low,35119.25,78,8.4,2.09402,17450.166666666668,-17669.083333333332,0.6599791310493692
73.0,247146.0,12702.68,574,7,Kolkata,Retail,Agent,2024-04-22,No,High,41900.28,138,6.4,2.47146,20595.5,-21304.78,0.05139747355813972
52.0,82372.0,159677.26,436,13,Kolkata,SME,Mobile,2026-02-16,Yes,High,24625.17,88,4.1,0.82372,6864.333333333333,-17760.836666666666,1.9384895352789784
64.0,237695.0,9006.4,575,5,Pune,SME,Mobile,2023-10-25,No,High,5589.02,11,1.9,2.37695,19807.916666666668,14218.896666666667,0.03789057405498643
75.0,198824.0,55.96,723,4,Hyderabad,Corporate,Online,2021-09-16,Yes,High,24681.66,28,8.9,1.98824,16568.666666666668,-8112.993333333332,0.00028145495513620086
45.0,178087.0,228692.71,686,5,Unknown,Corporate,Branch,2025-05-24,Yes,Medium,23025.06,7,4.8,1.78087,14840.583333333334,-8184.476666666667,1.2841628529875846
62.0,36138.0,172622.82,487,12,Delhi,Premium,Branch,2025-04-08,No,High,45865.18,67,9.3,0.36138,3011.5,-42853.68,4.776767391665283
31.0,74812.0,142249.29,683,0,Pune,SME,Agent,2021-02-02,Yes,Medium,24625.17,18,8.0,0.74812,6234.333333333333,-18390.836666666666,1.9014234347430894
51.0,103714.0,151344.55801855895,486,15,Delhi,SME,Agent,2021-03-20,Yes,High,24625.17,84,2.3,1.03714,8642.833333333334,-15982.336666666664,1.459249069735609
62.0,167077.0,151344.55801855895,369,12,Mumbai,Retail,Online,2022-11-14,Yes,High,30306.64,84,3.3,1.67077,13923.083333333334,-16383.556666666665,0.9058371769816249
56.0,101367.0,18188.68,508,10,Kolkata,Premium,Online,2024-10-07,No,High,6543.23,112,5.605416666666668,1.01367,8447.25,1904.0200000000004,0.1794339380666292
44.0,144654.0,231754.89,472,8,Kolkata,SME,Agent,2025-08-10,No,High,9741.6,81,4.5,1.44654,12054.5,2312.8999999999996,1.6021326060807168
53.0,73901.0,140034.62,476,3,Hyderabad,Retail,Branch,2022-05-30,Yes,High,16918.67,45,1.6,0.73901,6158.416666666667,-10760.25333333333,1.8948947916807621
21.0,226139.0,189921.8,356,9,Chennai,SME,Online,2022-11-09,Yes,High,2769.67,14,5.9,2.26139,18844.916666666668,16075.246666666668,0.839845404817391
22.0,89946.0,124865.42,829,12,Delhi,SME,Agent,2021-11-02,No,Low,1825.14,68,4.6,0.89946,7495.5,5670.36,1.3882264914504259
75.0,128754.0,177129.33,428,15,Kolkata,Premium,Online,2025-11-05,Yes,High,11265.48,138,5.5,1.28754,10729.5,-535.9799999999996,1.3757190456218835
40.0,125732.0,232061.67,355,11,Chennai,Retail,Online,2023-10-20,Yes,High,41460.31,7,8.4,1.25732,10477.666666666666,-30982.643333333333,1.8456850284732607
60.0,90681.0,174654.97,389,15,Hyderabad,Retail,Agent,2021-06-23,Yes,High,47408.76,1,6.6,0.90681,7556.75,-39852.01,1.926037097076565
18.0,213786.0,169706.45,613,9,Hyderabad,SME,Online,2024-04-23,No,Medium,11515.22,56,7.1,2.13786,17815.5,6300.280000000001,0.7938146090015249
34.0,174340.0,262251.2,488,3,Pune,SME,Agent,2021-02-11,Yes,High,41458.56,134,6.8,1.7434,14528.333333333334,-26930.226666666662,1.5042514626591719
70.0,204362.0,168813.51,718,9,Delhi,Retail,Mobile,2022-07-01,Yes,Low,34900.78,108,5.0,2.04362,17030.166666666668,-17870.61333333333,0.8260513696284045
55.0,204635.0,137895.25,510,12,Delhi,Premium,Agent,2022-06-05,Yes,High,13048.56,136,1.2,2.04635,17052.916666666668,4004.3566666666684,0.6738595548171133
50.0,139914.0,151344.55801855895,369,3,Delhi,SME,Mobile,2023-03-09,Yes,High,32863.08,10,7.4,1.39914,11659.5,-21203.58,1.0816970283070955
51.0,230735.0,252669.22,309,6,Kolkata,Retail,Branch,2024-10-07,No,High,9998.43,144,5.605416666666668,2.30735,19227.916666666668,9229.486666666668,1.095062387587492
36.0,75069.0,157883.54,508,14,Hyderabad,Premium,Agent,2024-02-09,No,High,13208.71,139,2.7,0.75069,6255.75,-6952.959999999999,2.10317894203999
72.0,36002.0,151344.55801855895,692,15,Delhi,Retail,Branch,2021-09-08,Yes,Medium,9752.02,42,1.1,0.36002,3000.1666666666665,-6751.853333333334,4.203781957073467
47.0,187932.0,12497.05,334,13,Kolkata,Premium,Agent,2024-11-27,No,High,9402.3,23,7.8,1.87932,15661.0,6258.700000000001,0.06649772258050785
28.0,140953.0,29790.66,668,0,Bangalore,Retail,Mobile,2022-10-27,Yes,Medium,24625.17,83,4.5,1.40953,11746.083333333334,-12879.086666666664,0.2113517271714685
32.0,51806.0,37566.17,551,8,Unknown,SME,Mobile,2022-11-29,No,Medium,49532.98,36,7.9,0.51806,4317.166666666667,-45215.81333333334,0.7251316449832066
61.0,194230.0,217714.94,384,3,Bangalore,Retail,Mobile,2022-08-25,No,High,40934.59,112,9.5,1.9423,16185.833333333334,-24748.75666666666,1.1209130412397672
26.0,27839.0,282066.24,517,1,Kolkata,Premium,Agent,2024-02-03,Yes,High,6541.66,53,1.3,0.27839,2319.9166666666665,-4221.743333333334,10.13205359387909
53.0,78363.0,265489.29,513,12,Bangalore,SME,Branch,2021-11-22,No,High,17475.29,21,5.0,0.78363,6530.25,-10945.04,3.38794188583898
66.0,216184.0,242754.95,654,9,Mumbai,Corporate,Agent,2021-04-29,Yes,Medium,27333.78,58,7.4,2.16184,18015.333333333332,-9318.446666666667,1.1229089571846205
39.0,48284.0,56818.03,711,12,Mumbai,Premium,Branch,2023-04-16,Yes,Low,24778.68,93,3.2,0.48284,4023.6666666666665,-20755.013333333332,1.1767465412973241
57.0,243561.0,196915.76,680,5,Kolkata,Corporate,Mobile,2025-05-30,No,Medium,48016.86,75,4.8,2.43561,20296.75,-27720.11,0.8084864161339459
74.0,63547.0,195670.61,351,2,Delhi,Premium,Agent,2023-08-24,Yes,High,1786.12,136,6.8,0.63547,5295.583333333333,3509.463333333333,3.079147874801328
23.0,89046.0,277232.31,578,14,Hyderabad,Premium,Online,2025-05-24,No,Medium,24721.88,24,6.5,0.89046,7420.5,-17301.38,3.113360622599555
24.0,58691.0,88917.6,429,13,Bangalore,Premium,Agent,2024-10-26,Yes,High,32506.57,114,6.6,0.58691,4890.916666666667,-27615.653333333332,1.515012523214803
67.0,139914.0,88699.51,624,6,Chennai,Retail,Branch,2023-08-24,No,Medium,2005.9,58,7.2,1.39914,11659.5,9653.6,0.6339573595208485
64.0,139914.0,281979.54,725,10,Pune,Retail,Online,2022-05-30,No,Low,13694.23,16,5.4,1.39914,11659.5,-2034.7299999999996,2.0153775890904413
42.0,185211.0,83315.73,559,12,Bangalore,Retail,Agent,2023-09-17,Yes,Medium,29220.84,120,5.605416666666668,1.85211,15434.25,-13786.59,0.4498422339925814
25.0,28471.0,297508.82,502,1,Delhi,Retail,Branch,2023-09-20,Yes,High,44491.45,95,6.7,0.28471,2372.5833333333335,-42118.86666666666,10.44953882898388
68.0,157028.0,234604.6,583,13,Kolkata,Premium,Mobile,2022-03-14,No,Medium,11158.86,11,9.8,1.57028,13085.666666666666,1926.8066666666655,1.494030364011514
33.0,197886.0,210414.99,430,13,Chennai,Retail,Online,2022-11-03,No,High,17223.77,148,3.8,1.97886,16490.5,-733.2700000000004,1.0633141808920288
19.0,185081.0,29863.95,833,14,Pune,Premium,Branch,2025-10-28,No,Low,41638.68,79,5.3,1.85081,15423.416666666666,-26215.263333333336,0.16135610894689353
74.0,195963.0,151344.55801855895,411,1,Delhi,Premium,Mobile,2021-06-08,Yes,High,31930.1,22,1.7,1.95963,16330.25,-15599.849999999999,0.7723119059136621
41.0,73777.0,250949.55,327,0,Hyderabad,SME,Branch,2021-07-21,Yes,High,6842.68,18,6.8,0.73777,6148.083333333333,-694.5966666666673,3.40146048226412
20.0,107879.0,291459.91,349,14,Bangalore,Premium,Mobile,2022-09-04,Yes,High,35422.38,27,6.0,1.07879,8989.916666666666,-26432.463333333333,2.701729808396444
61.0,56348.0,80705.89,300,7,Kolkata,SME,Mobile,2021-05-23,No,High,8784.69,14,3.1,0.56348,4695.666666666667,-4089.0233333333335,1.4322760346418684
69.0,173746.0,14849.06,570,15,Unknown,Premium,Mobile,2021-08-17,Yes,High,38918.9,58,9.4,1.73746,14478.833333333334,-24440.066666666666,0.08546418334810585
62.0,86246.0,252517.01,314,2,Hyderabad,Corporate,Agent,2021-12-01,No,High,2985.55,86,9.9,0.86246,7187.166666666667,4201.616666666667,2.927869234515224
42.0,179243.0,285740.14,795,15,Mumbai,SME,Online,2024-09-20,No,Low,4725.75,41,4.1,1.79243,14936.916666666666,10211.166666666666,1.5941495065358202
46.0,173934.0,103687.5,625,8,Mumbai,Corporate,Online,2024-11-06,No,Medium,23171.72,123,2.5,1.73934,14494.5,-8677.220000000001,0.5961312911794129
63.0,230037.0,61100.14,315,0,Kolkata,Retail,Agent,2023-07-21,Yes,High,27998.17,84,7.6,2.30037,19169.75,-8828.419999999998,0.2656100540347857
73.0,177872.0,151344.55801855895,470,12,Mumbai,Corporate,Mobile,2022-12-09,Yes,High,24625.17,81,2.0,1.77872,14822.666666666666,-9802.503333333332,0.8508621818979881
51.0,207650.0,59428.66,687,9,Chennai,Retail,Mobile,2024-09-27,Yes,Medium,1165.48,10,5.3,2.0765,17304.166666666668,16138.686666666668,0.2861962918372261
54.0,139914.0,5515.84,693,2,Delhi,SME,Agent,2024-07-31,Yes,High,38534.07,123,4.0,1.39914,11659.5,-26874.57,0.03942307417413554
30.0,58787.0,179888.27,770,3,Hyderabad,SME,Branch,2024-06-29,No,Low,12859.21,119,7.8,0.58787,4898.916666666667,-7960.293333333332,3.0600008505281777
43.0,172256.0,185884.78,752,3,Delhi,SME,Mobile,2023-01-11,No,Low,38753.82,57,7.5,1.72256,14354.666666666666,-24399.153333333335,1.07911933401449
35.0,43322.0,273867.73,305,7,Delhi,SME,Online,2023-10-26,Yes,High,13484.63,98,6.5,0.43322,3610.1666666666665,-9874.463333333333,6.321677900373944
28.0,178728.0,209559.19,373,6,Mumbai,Premium,Online,2024-07-04,No,High,3107.33,28,7.8,1.78728,14894.0,11786.67,1.172503413007475
59.0,78909.0,37881.34,678,10,Mumbai,Retail,Mobile,2023-06-30,No,Medium,48743.16,138,6.6,0.78909,6575.75,-42167.41,0.48006361758481286
75.0,60046.0,159221.21,660,5,Bangalore,Premium,Agent,2024-03-12,No,Medium,25989.89,138,7.4,0.60046,5003.833333333333,-20986.056666666667,2.6516538986776803
68.0,75601.0,41365.58,840,14,Kolkata,SME,Agent,2024-12-15,Yes,Low,40803.44,76,1.1,0.75601,6300.083333333333,-34503.35666666667,0.5471565190936628
74.0,126015.0,20798.5,832,5,Kolkata,Corporate,Agent,2022-09-20,No,Low,9665.67,42,9.2,1.26015,10501.25,835.5799999999999,0.16504781176844027
63.0,34752.0,248206.97,370,6,Pune,Retail,Branch,2021-03-22,No,High,48215.69,2,2.4,0.34752,2896.0,-45319.69,7.142235554788214
30.0,204980.0,46794.26,762,15,Bangalore,Retail,Branch,2025-04-12,Yes,Low,39919.12,66,8.2,2.0498,17081.666666666668,-22837.453333333335,0.22828695482486097
73.0,242782.0,230249.65,771,15,Pune,SME,Agent,2022-05-29,Yes,Low,8891.25,37,3.5,2.42782,20231.833333333332,11340.583333333332,0.9483802341194981
22.0,46253.0,299286.85,813,11,Pune,SME,Agent,2023-08-03,Yes,Low,32901.95,101,2.1,0.46253,3854.4166666666665,-29047.53333333333,6.4706473093637165
38.0,105685.0,86198.01,814,10,Kolkata,SME,Agent,2025-07-01,Yes,Low,4366.43,107,5.6,1.05685,8807.083333333334,4440.653333333334,0.815612527794862
28.0,30469.0,26264.6,674,4,Delhi,Retail,Online,2025-11-07,Yes,Medium,26227.25,38,6.9,0.30469,2539.0833333333335,-23688.166666666668,0.8620105681184154
21.0,89106.0,103381.23,591,2,Mumbai,Premium,Mobile,2022-12-09,No,Medium,42552.42,120,4.6,0.89106,7425.5,-35126.92,1.1602050366978653
35.0,207947.0,144014.21,676,0,Mumbai,Retail,Agent,2023-08-24,Yes,Medium,33850.66,6,9.9,2.07947,17328.916666666668,-16521.743333333336,0.6925524773139309
57.0,110457.0,143548.83,387,0,Mumbai,SME,Branch,2022-03-02,No,High,16966.4,42,5.7,1.10457,9204.75,-7761.6500000000015,1.2995901572557647
29.0,238451.0,190023.52,823,12,Hyderabad,SME,Agent,2021-04-03,No,Low,48314.54,18,6.1,2.38451,19870.916666666668,-28443.623333333333,0.7969080440006542
44.0,56852.0,227726.08,610,13,Mumbai,Premium,Branch,2024-06-25,Yes,Medium,37792.71,46,5.605416666666668,0.56852,4737.666666666667,-33055.043333333335,4.005594877928656
52.0,58320.0,102111.22,567,13,Mumbai,Corporate,Agent,2025-01-21,No,Medium,29284.66,17,1.3,0.5832,4860.0,-24424.66,1.7508782578875173
68.0,78551.0,189647.85,525,3,Pune,Retail,Branch,2024-10-23,Yes,High,1042.81,16,9.6,0.78551,6545.916666666667,5503.106666666667,2.414327634275821
68.0,191597.0,213039.79,410,0,Kolkata,SME,Online,2021-11-21,Yes,High,9377.99,67,7.0,1.91597,15966.416666666666,6588.426666666666,1.1119161051582227
51.0,157503.0,4553.06,737,15,Kolkata,Retail,Mobile,2022-11-28,Yes,High,17341.15,36,9.8,1.57503,13125.25,-4215.9000000000015,0.02890776683618725
36.0,73368.0,280589.13,675,11,Kolkata,SME,Mobile,2023-04-05,Yes,Medium,673.48,21,9.4,0.73368,6114.0,5440.52,3.824407507360157
21.0,93926.0,208687.4,465,15,Kolkata,Corporate,Agent,2022-08-14,No,High,33220.84,4,2.4,0.93926,7827.166666666667,-25393.67333333333,2.2218278219023486
51.0,161998.0,156828.04,613,6,Pune,Corporate,Branch,2025-10-27,Yes,Medium,15486.39,94,4.0,1.61998,13499.833333333334,-1986.5566666666655,0.968086272670033
57.0,97516.0,237439.06,349,14,Bangalore,Retail,Agent,2021-07-04,Yes,High,7888.46,71,3.7,0.97516,8126.333333333333,237.873333333333,2.434872841379876
67.0,233524.0,122435.72,720,11,Hyderabad,Retail,Online,2021-05-21,No,Low,44911.6,45,5.3,2.33524,19460.333333333332,-25451.266666666666,0.5242960894811668
67.0,121546.0,151344.55801855895,368,13,Hyderabad,Corporate,Mobile,2022-12-18,Yes,High,27552.43,121,6.8,1.21546,10128.833333333334,-17423.596666666665,1.2451628027130384
60.0,232815.0,121725.35,378,8,Delhi,Retail,Branch,2022-04-12,Yes,High,24683.78,146,9.7,2.32815,19401.25,-5282.529999999999,0.5228415265339433
47.0,235650.0,39496.08,785,13,Delhi,Corporate,Online,2021-05-27,No,Low,38069.83,13,5.605416666666668,2.3565,19637.5,-18432.33,0.16760483768300447
55.0,101256.0,87754.93,600,14,Mumbai,Premium,Branch,2021-01-03,Yes,Medium,12462.73,74,5.605416666666668,1.01256,8438.0,-4024.7299999999996,0.8666640001580153
29.0,231126.0,88696.36,849,0,Hyderabad,Premium,Agent,2023-11-28,Yes,Low,3991.45,50,3.2,2.31126,19260.5,15269.05,0.38375760407742965
67.0,133255.0,233041.0,493,12,Delhi,Corporate,Online,2023-05-29,No,High,35593.23,93,4.2,1.33255,11104.583333333334,-24488.646666666667,1.7488349405275598
47.0,108375.0,29578.27,531,9,Hyderabad,SME,Online,2025-04-24,No,High,21951.66,149,4.2,1.08375,9031.25,-12920.41,0.27292521337946946
61.0,48387.0,212002.66,610,7,Bangalore,Corporate,Online,2025-02-24,No,Medium,46534.25,42,2.2,0.48387,4032.25,-42502.0,4.381397069460806
47.0,139914.0,67882.58,330,6,Unknown,SME,Agent,2024-01-09,Yes,High,34082.12,141,1.2,1.39914,11659.5,-22422.620000000003,0.4851736066440814
53.0,61727.0,278515.05,390,15,Chennai,Premium,Online,2023-04-17,Yes,High,42332.81,74,8.1,0.61727,5143.916666666667,-37188.89333333333,4.5120457822346784
47.0,190593.0,167193.17,428,1,Pune,SME,Agent,2021-11-08,Yes,High,49778.25,89,3.2,1.90593,15882.75,-33895.5,0.8772261835429424
26.0,233139.0,278074.9,740,3,Kolkata,Corporate,Agent,2022-05-01,No,Low,23940.21,115,5.1,2.33139,19428.25,-4511.959999999999,1.1927429559190013
50.0,129195.0,211224.98,416,0,Delhi,Corporate,Online,2025-03-29,No,High,7823.76,21,8.2,1.29195,10766.25,2942.49,1.6349315375982043
43.0,42569.0,261796.52,306,11,Hyderabad,Corporate,Mobile,2024-05-30,No,High,4481.94,84,6.9,0.42569,3547.4166666666665,-934.5233333333331,6.1499335196974325
60.0,96853.0,219716.53,700,3,Unknown,Corporate,Mobile,2025-01-29,Yes,Low,3526.74,134,1.2,0.96853,8071.083333333333,4544.343333333333,2.2685567819272507
61.0,86001.0,39150.38,636,2,Delhi,Corporate,Branch,2024-10-19,Yes,Medium,27870.87,13,7.4,0.86001,7166.75,-20704.12,0.4552316833525191
30.0,150149.0,257866.92,685,1,Bangalore,SME,Online,2025-07-24,Yes,Medium,34497.65,45,4.7,1.50149,12512.416666666666,-21985.233333333337,1.717406842536414
44.0,58893.0,162597.02,370,9,Kolkata,SME,Online,2025-04-27,Yes,High,9265.01,118,5.7,0.58893,4907.75,-4357.26,2.7608887304093863
48.0,57779.0,144560.24,402,11,Hyderabad,SME,Agent,2024-08-06,Yes,High,24625.17,141,2.6,0.57779,4814.916666666667,-19810.25333333333,2.5019512279547933
59.0,66568.0,182522.68,520,14,Delhi,Premium,Online,2026-02-03,Yes,High,35985.77,21,8.7,0.66568,5547.333333333333,-30438.436666666665,2.741898209349838
59.0,205488.0,293038.31,400,7,Hyderabad,Premium,Online,2025-05-31,Yes,High,33016.22,62,4.2,2.05488,17124.0,-15892.220000000001,1.4260604512185626
42.0,150354.0,254181.5,585,5,Delhi,Premium,Online,2026-01-26,Yes,Medium,16521.31,111,7.1,1.50354,12529.5,-3991.8100000000013,1.6905536267741463
66.0,32151.0,234651.38,643,0,Mumbai,SME,Branch,2026-03-11,Yes,Medium,26919.17,133,4.6,0.32151,2679.25,-24239.92,7.298416223445616
45.0,183056.0,253754.87,781,0,Bangalore,Retail,Online,2024-10-28,No,Low,19087.11,22,5.4,1.83056,15254.666666666666,-3832.4433333333345,1.3862144371121405
33.0,151688.0,251946.11,655,0,Pune,SME,Online,2021-10-05,Yes,Medium,27505.93,76,9.1,1.51688,12640.666666666666,-14865.263333333334,1.6609495147935234
47.0,246972.0,280071.33,743,14,Bangalore,Premium,Mobile,2022-07-20,No,Low,13241.86,26,5.1,2.46972,20581.0,7339.139999999999,1.1340205772314271
32.0,202558.0,118712.39,679,9,Kolkata,Premium,Agent,2024-02-05,Yes,Medium,46428.19,119,4.6,2.02558,16879.833333333332,-29548.35666666667,0.5860661637654401
53.0,171108.0,101193.29,707,13,Hyderabad,Corporate,Mobile,2025-02-08,Yes,Low,44835.63,104,4.2,1.71108,14259.0,-30576.629999999997,0.5914001098721275
65.0,31910.0,191709.65,722,8,Delhi,Retail,Branch,2022-09-12,No,Low,24625.17,98,8.1,0.3191,2659.1666666666665,-21966.00333333333,6.0078235662801625
72.0,86212.0,235326.26,488,13,Kolkata,SME,Mobile,2022-06-25,Yes,High,21259.8,16,4.9,0.86212,7184.333333333333,-14075.466666666667,2.729623022317079
68.0,212604.0,223726.01,379,2,Pune,SME,Online,2023-06-11,Yes,High,15635.09,133,5.6,2.12604,17717.0,2081.91,1.0523132678594946
54.0,26969.0,151344.55801855895,773,10,Mumbai,SME,Agent,2025-04-29,Yes,Low,9130.66,96,5.0,0.26969,2247.4166666666665,-6883.243333333334,5.6117971752218825
68.0,64071.0,19958.28,584,11,Bangalore,Retail,Mobile,2021-09-16,No,Medium,44471.23,46,9.7,0.64071,5339.25,-39131.98,0.31150255185653414
35.0,114087.0,160610.38,391,0,Bangalore,Premium,Agent,2025-11-07,Yes,High,29776.77,85,10.0,1.14087,9507.25,-20269.52,1.4077886174586063
52.0,187982.0,293687.25,370,15,Kolkata,SME,Mobile,2025-02-16,Yes,High,2639.08,60,5.0,1.87982,15665.166666666666,13026.086666666666,1.562315806832569
49.0,33259.0,109401.2,622,1,Mumbai,Premium,Online,2022-11-04,No,Medium,35406.85,145,2.5,0.33259,2771.5833333333335,-32635.266666666666,3.2893712979945278
47.0,139914.0,135844.11,401,15,Bangalore,Retail,Online,2024-05-31,Yes,High,42551.12,95,7.8,1.39914,11659.5,-30891.620000000003,0.970911488485784
29.0,117324.0,144400.01,827,6,Chennai,Retail,Branch,2025-12-06,Yes,Low,24625.17,130,9.9,1.17324,9777.0,-14848.169999999998,1.2307798063482323
26.0,228058.0,83681.42,581,3,Unknown,Retail,Agent,2025-03-25,Yes,Medium,25284.48,54,5.9,2.28058,19004.833333333332,-6279.646666666667,0.36693042997833886
31.0,222744.0,157743.78,648,5,Hyderabad,SME,Agent,2023-01-18,Yes,Medium,8217.97,116,1.7,2.22744,18562.0,10344.03,0.70818419351363
34.0,197851.0,249410.31,719,5,Hyderabad,Retail,Mobile,2025-08-29,Yes,Low,16677.61,48,5.2,1.97851,16487.583333333332,-190.02666666666846,1.2605966611237749
47.0,221910.0,68608.32,724,13,Unknown,Corporate,Online,2024-02-06,Yes,Low,625.11,137,4.7,2.2191,18492.5,17867.39,0.3091718264161147
26.0,69638.0,132523.95,477,6,Hyderabad,SME,Online,2022-05-07,Yes,High,27708.65,97,7.0,0.69638,5803.166666666667,-21905.483333333334,1.9030407248915824
75.0,59084.0,274419.33,499,15,Mumbai,Retail,Agent,2022-03-14,Yes,High,24625.17,18,9.2,0.59084,4923.666666666667,-19701.50333333333,4.644562487306208
41.0,247724.0,151344.55801855895,777,11,Mumbai,Premium,Branch,2021-06-15,Yes,Low,29298.67,91,7.5,2.47724,20643.666666666668,-8655.00333333333,0.610940231945871
54.0,168891.0,234289.16,738,11,Bangalore,SME,Agent,2023-08-24,No,Low,7745.61,65,8.0,1.68891,14074.25,6328.64,1.3872211071045824
75.0,139914.0,51388.49,585,14,Chennai,Premium,Mobile,2024-08-16,Yes,Medium,36275.0,95,9.7,1.39914,11659.5,-24615.5,0.36728626156067296
68.0,231043.0,209906.97,516,2,Kolkata,Corporate,Online,2021-01-06,Yes,High,9705.18,22,5.7,2.31043,19253.583333333332,9548.403333333332,0.9085190635509407
63.0,203936.0,76464.67,582,6,Mumbai,Corporate,Agent,2025-04-17,Yes,Medium,19410.72,123,3.4,2.03936,16994.666666666668,-2416.0533333333333,0.37494444335477795
74.0,90633.0,166898.4,614,14,Hyderabad,Premium,Branch,2021-03-15,Yes,Medium,2219.74,60,5.605416666666668,0.90633,7552.75,5333.01,1.8414749594518551
40.0,166028.0,198745.18,667,3,Chennai,Retail,Branch,2023-05-28,Yes,Medium,12103.08,136,5.605416666666668,1.66028,13835.666666666666,1732.5866666666661,1.1970582070494133
75.0,46563.0,180635.1,363,0,Bangalore,Premium,Agent,2021-01-07,Yes,High,23694.7,105,5.1,0.46563,3880.25,-19814.45,3.879369885960956
62.0,64063.0,284653.79,627,1,Hyderabad,Premium,Branch,2023-03-11,No,Medium,49600.37,99,4.4,0.64063,5338.583333333333,-44261.78666666667,4.44334155440738
56.0,173697.0,280880.14,350,2,Unknown,Premium,Mobile,2025-10-29,Yes,High,32413.48,144,2.9,1.73697,14474.75,-17938.73,1.617069609722678
43.0,242029.0,140857.66,593,0,Chennai,Premium,Branch,2024-12-17,Yes,Medium,24625.17,97,8.7,2.42029,20169.083333333332,-4456.086666666666,0.5819867040726525
44.0,221200.0,80002.56,490,0,Bangalore,SME,Online,2023-08-24,No,High,34823.05,31,4.9,2.212,18433.333333333332,-16389.71666666667,0.36167522603978297
47.0,117578.0,129112.42,756,4,Bangalore,SME,Mobile,2022-02-12,No,Low,27233.25,53,5.9,1.17578,9798.166666666666,-17435.083333333336,1.0981001547908622
19.0,162888.0,26294.95,357,4,Kolkata,Premium,Online,2022-02-25,Yes,High,1925.67,54,7.7,1.62888,13574.0,11648.33,0.16142963263101026
28.0,40997.0,151344.55801855895,457,8,Mumbai,Premium,Online,2023-02-19,Yes,High,13644.01,33,6.6,0.40997,3416.4166666666665,-10227.593333333334,3.6916008005112313
70.0,139914.0,127821.29,724,9,Hyderabad,SME,Mobile,2024-11-02,No,Low,42773.77,70,2.2,1.39914,11659.5,-31114.269999999997,0.9135704075360578
64.0,139914.0,63700.19,485,6,Bangalore,Retail,Mobile,2025-12-16,Yes,High,4144.1,49,6.4,1.39914,11659.5,7515.4,0.4552810297754335
47.0,220804.0,155278.89,569,8,Mumbai,Premium,Branch,2025-05-03,Yes,Medium,48933.61,139,1.4,2.20804,18400.333333333332,-30533.27666666667,0.7032431024800276
32.0,34168.0,268090.58,359,15,Unknown,Corporate,Online,2023-01-12,Yes,High,43821.77,76,9.1,0.34168,2847.3333333333335,-40974.43666666666,7.846247365956451
22.0,116736.0,60168.08,497,6,Mumbai,Corporate,Branch,2022-07-01,Yes,High,20334.61,121,8.4,1.16736,9728.0,-10606.61,0.5154200932017544
26.0,130400.0,76075.24,317,2,Chennai,Corporate,Online,2024-10-13,No,High,38740.06,127,5.3,1.304,10866.666666666666,-27873.393333333333,0.5833990797546013
49.0,204316.0,131728.67,629,2,Hyderabad,Premium,Mobile,2023-05-14,Yes,Medium,24625.17,134,3.8,2.04316,17026.333333333332,-7598.836666666666,0.6447300749818908
74.0,38140.0,151344.55801855895,693,7,Kolkata,Premium,Mobile,2024-07-07,Yes,Medium,12735.15,122,5.605416666666668,0.3814,3178.3333333333335,-9556.816666666666,3.9681320927781583
33.0,113204.0,106756.43,749,13,Mumbai,Corporate,Mobile,2023-04-12,No,Low,3591.24,143,7.1,1.13204,9433.666666666666,5842.426666666666,0.9430446803999858
65.0,118747.0,239264.21,665,13,Mumbai,Premium,Branch,2024-01-08,Yes,Medium,33068.57,61,5.605416666666668,1.18747,9895.583333333334,-23172.986666666664,2.0149074081871543
57.0,188038.0,193722.15,819,3,Chennai,Premium,Agent,2022-12-29,Yes,Low,10105.67,78,1.6,1.88038,15669.833333333334,5564.163333333334,1.0302287303630118
45.0,135944.0,151344.55801855895,442,10,Delhi,SME,Branch,2023-11-27,Yes,High,29544.36,87,4.5,1.35944,11328.666666666666,-18215.693333333336,1.1132860443900352
47.0,139914.0,185631.62,666,8,Pune,Premium,Branch,2022-11-25,Yes,Medium,32772.7,12,2.7,1.39914,11659.5,-21113.199999999997,1.3267551495918921
69.0,139914.0,12915.72,335,4,Mumbai,Premium,Online,2024-11-22,Yes,High,26791.66,99,8.1,1.39914,11659.5,-15132.16,0.09231184870706291
65.0,51017.0,39455.48,300,0,Kolkata,Retail,Agent,2023-09-24,Yes,High,888.32,12,5.3,0.51017,4251.416666666667,3363.096666666667,0.7733790697218574
69.0,116155.0,64187.11,424,1,Chennai,SME,Agent,2022-06-09,Yes,High,3193.3,73,4.4,1.16155,9679.583333333334,6486.283333333334,0.5525987688864018
58.0,47420.0,67512.56,610,9,Chennai,SME,Online,2023-08-11,No,Medium,28784.86,131,5.605416666666668,0.4742,3951.6666666666665,-24833.193333333333,1.423714888232813
49.0,84353.0,258454.11,350,1,Delhi,Premium,Mobile,2023-07-31,Yes,High,46399.65,122,8.2,0.84353,7029.416666666667,-39370.23333333334,3.063958721088758
65.0,31721.0,124260.28,609,15,Chennai,Corporate,Branch,2021-09-19,No,Medium,5114.09,88,3.6,0.31721,2643.4166666666665,-2470.6733333333336,3.917287601273604
62.0,29358.0,74857.31,811,0,Kolkata,Premium,Agent,2023-08-24,Yes,Low,15594.26,142,8.3,0.29358,2446.5,-13147.76,2.5498095919340553
61.0,235294.0,268321.32,566,13,Bangalore,SME,Online,2025-08-15,No,Medium,14483.69,40,4.9,2.35294,19607.833333333332,5124.143333333332,1.1403661801830902
45.0,107711.0,275620.41,738,4,Pune,Corporate,Branch,2022-11-28,No,Low,39195.25,12,6.9,1.07711,8975.916666666666,-30219.333333333336,2.558888228686021
45.0,179893.0,142201.93,829,1,Mumbai,Premium,Mobile,2021-05-16,Yes,Low,10678.66,103,4.0,1.79893,14991.083333333334,4312.423333333334,0.7904806190346484
20.0,131297.0,213833.3,546,6,Chennai,Retail,Branch,2023-06-07,Yes,High,27053.26,56,5.2,1.31297,10941.416666666666,-16111.843333333332,1.6286228931354105
64.0,27396.0,199587.63,722,12,Chennai,Premium,Online,2025-07-09,Yes,Low,20811.71,141,4.0,0.27396,2283.0,-18528.71,7.285283618046431
21.0,199180.0,104983.48,303,15,Mumbai,Corporate,Online,2021-06-05,No,High,24625.17,108,9.0,1.9918,16598.333333333332,-8026.836666666666,0.5270784215282659
41.0,139914.0,100022.2,476,5,Chennai,SME,Mobile,2025-05-14,Yes,High,42729.01,63,7.9,1.39914,11659.5,-31069.510000000002,0.7148834283917264
66.0,170361.0,43292.76,672,15,Mumbai,Retail,Mobile,2023-08-24,Yes,Medium,39634.31,91,8.8,1.70361,14196.75,-25437.559999999998,0.254123655061898
36.0,231402.0,299072.77,731,4,Chennai,SME,Agent,2024-06-03,No,Low,9989.11,145,7.9,2.31402,19283.5,9294.39,1.2924381379590497
24.0,80230.0,151344.55801855895,451,15,Hyderabad,SME,Branch,2025-10-05,Yes,High,37040.5,76,2.1,0.8023,6685.833333333333,-30354.666666666668,1.8863836223178232
33.0,201076.0,260080.04,467,2,Pune,Corporate,Online,2022-04-06,Yes,High,4917.86,135,7.5,2.01076,16756.333333333332,11838.473333333332,1.293441484811713
23.0,151503.0,192557.99,688,2,Delhi,Corporate,Branch,2021-04-28,Yes,Medium,5599.45,2,1.2,1.51503,12625.25,7025.8,1.2709846669702909
48.0,79400.0,198838.88,440,5,Pune,Premium,Agent,2024-07-27,No,High,44985.31,84,6.1,0.794,6616.666666666667,-38368.64333333333,2.5042680100755668
55.0,124259.0,212814.89,521,7,Chennai,SME,Agent,2021-01-05,Yes,High,38317.85,104,8.7,1.24259,10354.916666666666,-27962.933333333334,1.712671838659574
53.0,241222.0,138000.72,690,5,Mumbai,SME,Branch,2025-11-06,Yes,Medium,7907.02,2,5.6,2.41222,20101.833333333332,12194.813333333332,0.5720901078674416
36.0,158611.0,269323.07,520,15,Kolkata,Retail,Agent,2025-07-20,Yes,High,40248.1,83,1.5,1.58611,13217.583333333334,-27030.516666666663,1.6980100371348772
61.0,103815.0,16317.22,483,9,Hyderabad,Corporate,Online,2025-04-10,Yes,High,7470.19,137,3.2,1.03815,8651.25,1181.0600000000004,0.15717593796657514
39.0,55620.0,45182.43,344,3,Chennai,Premium,Branch,2025-03-17,Yes,High,15845.81,87,9.4,0.5562,4635.0,-11210.81,0.8123414239482201
46.0,32896.0,175523.53,601,15,Chennai,Premium,Online,2023-07-04,Yes,Medium,49644.32,70,4.8,0.32896,2741.3333333333335,-46902.986666666664,5.3357104207198445
19.0,106889.0,284762.59,389,10,Pune,SME,Branch,2023-03-30,Yes,High,44420.9,28,1.4,1.06889,8907.416666666666,-35513.48333333334,2.6640963055131963
47.0,117601.0,138350.07,686,12,Hyderabad,Retail,Agent,2022-09-20,Yes,Medium,24625.17,107,8.2,1.17601,9800.083333333334,-14825.086666666664,1.1764361697604613
55.0,179297.0,151344.55801855895,695,0,Delhi,SME,Mobile,2023-08-24,No,Medium,1380.36,98,2.8,1.79297,14941.416666666666,13561.056666666665,0.8440997786831846
69.0,221733.0,229073.72,412,6,Pune,SME,Online,2022-02-21,Yes,High,30759.62,98,2.5,2.21733,18477.75,-12281.869999999999,1.0331061231300709
40.0,139914.0,244582.9,384,8,Mumbai,SME,Agent,2025-10-03,No,High,27330.75,108,5.2,1.39914,11659.5,-15671.25,1.748094543791186
72.0,102175.0,19743.53,688,8,Kolkata,Premium,Agent,2021-05-21,No,Medium,21034.12,90,9.9,1.02175,8514.583333333334,-12519.536666666665,0.19323249327134817
47.0,94274.0,297378.97,433,10,Hyderabad,Premium,Online,2021-09-13,Yes,High,11169.39,80,5.9,0.94274,7856.166666666667,-3313.2233333333324,3.154411290493667
67.0,202810.0,24500.18,633,2,Pune,Retail,Branch,2025-09-04,Yes,Medium,14439.23,125,7.4,2.0281,16900.833333333332,2461.6033333333326,0.12080360928948276
70.0,67520.0,159479.84,841,5,Bangalore,Retail,Online,2021-06-28,Yes,Low,18885.14,115,4.0,0.6752,5626.666666666667,-13258.473333333332,2.3619644549763033
23.0,148257.0,136461.73,557,6,Hyderabad,SME,Branch,2022-04-11,Yes,Medium,46786.29,20,5.1,1.48257,12354.75,-34431.54,0.9204403839279091
47.0,156743.0,135232.89,763,7,Unknown,Retail,Online,2022-07-08,No,Low,5613.37,135,5.605416666666668,1.56743,13061.916666666666,7448.546666666666,0.8627682894929918
47.0,139914.0,32667.99,456,1,Chennai,Retail,Branch,2024-12-11,Yes,High,9734.91,78,7.3,1.39914,11659.5,1924.5900000000001,0.23348621295938934
20.0,136822.0,173752.58,630,7,Pune,Corporate,Branch,2022-04-30,No,Medium,24760.9,132,1.7,1.36822,11401.833333333334,-13359.066666666668,1.2699169724167165
30.0,139914.0,10338.38,336,12,Mumbai,Retail,Agent,2024-02-08,Yes,High,9484.13,90,3.3,1.39914,11659.5,2175.370000000001,0.07389096159069142
63.0,102231.0,51633.18,585,0,Hyderabad,SME,Branch,2022-09-28,No,Medium,47970.85,29,8.7,1.02231,8519.25,-39451.6,0.5050638260410247
69.0,186779.0,93569.72,602,4,Mumbai,Retail,Online,2021-08-06,Yes,Medium,7266.41,32,9.2,1.86779,15564.916666666666,8298.506666666666,0.5009648836325283
36.0,207573.0,15146.68,422,8,Hyderabad,Premium,Mobile,2021-01-12,No,High,47701.83,15,2.6,2.07573,17297.75,-30404.08,0.07297037668675599
66.0,129131.0,196412.72,383,1,Delhi,Premium,Online,2022-07-04,Yes,High,15151.63,11,9.2,1.29131,10760.916666666666,-4390.713333333333,1.5210346082660244
53.0,35699.0,33564.18,541,0,Unknown,Premium,Online,2023-05-02,No,High,10522.69,146,4.4,0.35699,2974.9166666666665,-7547.773333333334,0.9401994453626152
65.0,123818.0,202754.32,405,7,Mumbai,Premium,Mobile,2025-02-02,No,High,47421.9,24,4.3,1.23818,10318.166666666666,-37103.73333333334,1.6375189390880163
52.0,196790.0,151344.55801855895,371,9,Pune,SME,Agent,2022-06-26,No,High,11229.51,50,8.6,1.9679,16399.166666666668,5169.656666666668,0.7690663042764315
31.0,84189.0,123496.64,453,9,Pune,Premium,Online,2025-03-13,Yes,High,25411.89,97,7.5,0.84189,7015.75,-18396.14,1.4668975756927864
37.0,241823.0,230401.63,466,4,Mumbai,Retail,Online,2022-08-28,Yes,High,37644.25,7,6.5,2.41823,20151.916666666668,-17492.333333333332,0.9527697117313076
20.0,139914.0,70396.03,442,0,Mumbai,Premium,Mobile,2024-04-20,No,High,30475.73,11,9.6,1.39914,11659.5,-18816.23,0.5031378561116114
46.0,205488.0,33341.14,783,5,Delhi,Premium,Online,2023-08-24,Yes,Low,30184.47,27,2.1,2.05488,17124.0,-13060.470000000001,0.16225346492252588
47.0,48312.0,13595.78,695,7,Mumbai,Premium,Online,2022-02-11,Yes,High,37063.31,76,3.5,0.48312,4026.0,-33037.31,0.2814162112932605
61.0,33706.0,59773.79,570,8,Mumbai,Premium,Agent,2022-08-20,Yes,Low,41641.17,14,1.1,0.33706,2808.8333333333335,-38832.33666666666,1.7733872307601022
52.0,246373.0,133932.58,528,12,Bangalore,SME,Agent,2025-11-18,Yes,High,4929.18,11,3.8,2.46373,20531.083333333332,15601.903333333332,0.5436171171354003
71.0,128302.0,123257.13,755,0,Bangalore,Premium,Branch,2022-08-03,Yes,Low,45521.52,46,9.5,1.28302,10691.833333333334,-34829.68666666666,0.9606797244002432
43.0,86367.0,271926.29,801,13,Pune,Corporate,Branch,2022-02-23,Yes,Low,9458.17,43,3.4,0.86367,7197.25,-2260.92,3.1484975743050003
74.0,97240.0,164062.79,453,10,Delhi,SME,Mobile,2023-08-10,Yes,High,30694.08,124,4.3,0.9724,8103.333333333333,-22590.74666666667,1.6871944672974086
30.0,117493.0,146710.73,836,13,Unknown,SME,Agent,2022-03-19,Yes,Low,3497.34,136,7.3,1.17493,9791.083333333334,6293.743333333334,1.2486763466759723
72.0,199480.0,213033.02,701,15,Hyderabad,SME,Mobile,2023-05-17,Yes,Low,3199.71,102,5.5,1.9948,16623.333333333332,13423.623333333333,1.0679417485462201
55.0,202404.0,62386.91,496,10,Delhi,Retail,Online,2023-01-26,Yes,High,17135.88,77,5.8,2.02404,16867.0,-268.880000000001,0.3082296298492125
61.0,51385.0,108680.43,513,7,Chennai,Premium,Agent,2021-08-17,No,High,1263.05,77,8.7,0.51385,4282.083333333333,3019.033333333333,2.1150224773766664
72.0,162612.0,299914.14,666,1,Chennai,Premium,Online,2023-08-24,No,Medium,11091.11,40,9.2,1.62612,13551.0,2459.8899999999994,1.8443542911962219
54.0,121111.0,272174.68,558,2,Delhi,SME,Online,2021-05-21,Yes,Medium,20233.63,37,4.7,1.21111,10092.583333333334,-10141.046666666667,2.24731593331737
29.0,190140.0,21633.33,654,4,Chennai,SME,Online,2022-09-15,Yes,Medium,9595.08,71,8.7,1.9014,15845.0,6249.92,0.11377579678131904
50.0,56585.0,119294.27,678,3,Delhi,Retail,Branch,2025-02-05,No,Medium,14612.43,55,4.7,0.56585,4715.416666666667,-9897.013333333332,2.108231333392242
34.0,204785.0,203145.72,372,10,Pune,Corporate,Online,2026-01-18,Yes,High,14970.31,93,7.7,2.04785,17065.416666666668,2095.1066666666684,0.991995116829846
67.0,30347.0,185083.21,693,8,Pune,Corporate,Agent,2024-02-05,No,Medium,14206.63,43,5.605416666666668,0.30347,2528.9166666666665,-11677.713333333333,6.098896431278215
35.0,59518.0,38210.84,661,11,Pune,Retail,Branch,2023-06-28,No,Medium,28353.75,126,5.2,0.59518,4959.833333333333,-23393.916666666668,0.6420047716657146
41.0,246823.0,34032.25,742,3,Hyderabad,SME,Agent,2023-08-24,Yes,Low,4354.57,29,1.2,2.46823,20568.583333333332,16214.013333333332,0.13788119421609818
32.0,85920.0,39793.37,520,7,Kolkata,Premium,Mobile,2021-02-05,Yes,High,4648.52,96,8.5,0.8592,7160.0,2511.4799999999996,0.46314443668528865
46.0,75138.0,44453.38,570,9,Pune,Retail,Mobile,2023-05-31,No,High,39716.41,81,6.7,0.75138,6261.5,-33454.91,0.5916231467433256
42.0,139914.0,273879.3,650,8,Mumbai,Premium,Mobile,2024-07-04,No,Medium,23826.22,106,4.2,1.39914,11659.5,-12166.720000000001,1.9574831682319138
27.0,224900.0,252697.65,400,5,Pune,SME,Online,2024-07-08,Yes,High,9036.37,91,5.9,2.249,18741.666666666668,9705.296666666667,1.1236000444642062
22.0,171494.0,31103.57,362,11,Hyderabad,Premium,Mobile,2025-05-02,Yes,High,27205.58,146,5.8,1.71494,14291.166666666666,-12914.413333333336,0.18136826944382894
57.0,46621.0,151899.09,523,5,Bangalore,SME,Branch,2025-03-30,Yes,High,30640.79,57,3.0,0.46621,3885.0833333333335,-26755.70666666667,3.258168850946998
46.0,131108.0,77023.05,631,9,Pune,SME,Mobile,2024-05-05,Yes,Medium,33170.13,14,1.7,1.31108,10925.666666666666,-22244.463333333333,0.5874778808310706
25.0,213398.0,95308.41,301,2,Kolkata,Premium,Mobile,2022-04-11,Yes,High,48167.31,1,4.2,2.13398,17783.166666666668,-30384.14333333333,0.44662278934198074
31.0,139914.0,151344.55801855895,530,12,Bangalore,SME,Branch,2022-07-27,Yes,High,36369.25,64,3.1,1.39914,11659.5,-24709.75,1.0816970283070955
28.0,110530.0,133036.75,364,4,Pune,Retail,Branch,2023-07-19,Yes,High,11703.38,30,6.2,1.1053,9210.833333333334,-2492.5466666666653,1.2036257124762508
66.0,110956.0,631.15,656,14,Pune,Premium,Agent,2024-04-21,Yes,High,24625.17,1,3.0,1.10956,9246.333333333334,-15378.836666666664,0.005688290854032229
55.0,32421.0,135205.94,575,0,Pune,Corporate,Agent,2021-05-30,No,Medium,2480.97,68,8.6,0.32421,2701.75,220.7800000000002,4.170319854415348
54.0,242285.0,209493.35,583,11,Kolkata,Corporate,Branch,2021-08-25,Yes,Medium,16606.83,20,5.9,2.42285,20190.416666666668,3583.586666666666,0.8646567059454775
74.0,158168.0,259488.78,488,10,Mumbai,Premium,Branch,2025-01-07,Yes,High,37212.21,9,3.7,1.58168,13180.666666666666,-24031.543333333335,1.6405896262202215
44.0,236869.0,65372.61,448,14,Bangalore,Retail,Online,2023-04-30,Yes,High,10993.09,130,4.8,2.36869,19739.083333333332,8745.993333333332,0.27598634688372053
53.0,177889.0,256948.02,524,8,Mumbai,SME,Online,2021-06-30,No,High,24044.72,144,5.605416666666668,1.77889,14824.083333333334,-9220.636666666667,1.4444289416433842
48.0,100713.0,3692.91,334,10,Kolkata,Retail,Branch,2022-07-24,Yes,High,17389.5,129,2.1,1.00713,8392.75,-8996.75,0.036667659587143665
22.0,94122.0,68022.36,715,0,Delhi,Premium,Branch,2024-04-13,Yes,Low,24718.98,52,2.8,0.94122,7843.5,-16875.48,0.7227041499330656
64.0,198757.0,242797.32,479,4,Mumbai,Retail,Mobile,2023-08-24,No,High,35934.58,139,2.9,1.98757,16563.083333333332,-19371.49666666667,1.2215787116931731
39.0,135448.0,286896.03,842,0,Hyderabad,Retail,Mobile,2021-10-31,Yes,Low,5506.98,56,7.0,1.35448,11287.333333333334,5780.353333333334,2.1181267349831674
48.0,31643.0,83541.22,694,14,Kolkata,Premium,Branch,2023-08-21,Yes,Medium,24625.17,93,7.6,0.31643,2636.9166666666665,-21988.25333333333,2.640116929494675
36.0,243008.0,201616.81,482,12,Pune,Corporate,Branch,2023-07-22,Yes,High,24625.17,21,2.0,2.43008,20250.666666666668,-4374.50333333333,0.8296714922965499
69.0,74268.0,151344.55801855895,548,2,Kolkata,Corporate,Branch,2025-12-05,Yes,High,17127.74,107,5.5,0.74268,6189.0,-10938.740000000002,2.0378165295761157
41.0,152015.0,245462.0,788,3,Hyderabad,Corporate,Mobile,2024-01-22,No,Low,38953.15,48,5.7,1.52015,12667.916666666666,-26285.233333333337,1.6147222313587475
47.0,150150.0,174979.96,463,12,Hyderabad,Premium,Mobile,2024-01-10,No,High,36377.07,85,9.9,1.5015,12512.5,-23864.57,1.1653676989676989
22.0,29114.0,154697.82,301,11,Pune,Retail,Mobile,2022-01-03,Yes,High,20833.47,97,2.6,0.29114,2426.1666666666665,-18407.303333333333,5.313519956034898
39.0,234411.0,206413.33,488,5,Hyderabad,Premium,Online,2026-01-23,No,High,20888.93,114,4.1,2.34411,19534.25,-1354.6800000000003,0.8805616204017729
38.0,219018.0,153044.51,675,0,Bangalore,Premium,Online,2021-08-24,Yes,Medium,43038.33,91,3.9,2.19018,18251.5,-24786.83,0.6987759453560894
32.0,100932.0,220373.38,413,5,Chennai,SME,Online,2023-11-10,Yes,High,28869.83,76,6.8,1.00932,8411.0,-20458.83,2.183384655015258
35.0,217035.0,119234.45,311,10,Delhi,SME,Online,2022-06-15,No,High,18126.44,7,7.2,2.17035,18086.25,-40.18999999999869,0.5493789020204114
70.0,130595.0,135179.11,521,11,Chennai,Corporate,Mobile,2022-03-24,Yes,High,4344.78,124,4.5,1.30595,10882.916666666666,6538.136666666666,1.0351017267123548
63.0,46636.0,108513.08,309,5,Bangalore,Corporate,Agent,2023-11-10,Yes,High,43762.9,44,3.9,0.46636,3886.3333333333335,-39876.566666666666,2.326809331846642
69.0,179455.0,205387.86,448,13,Delhi,Premium,Online,2024-11-14,No,High,48460.63,125,3.4,1.79455,14954.583333333334,-33506.04666666666,1.1445089855395503
37.0,72299.0,127064.37,392,14,Delhi,Retail,Mobile,2024-11-29,Yes,High,23499.04,7,2.3,0.72299,6024.916666666667,-17474.123333333333,1.75748447419743
53.0,129797.0,151201.13,576,2,Delhi,SME,Agent,2022-04-18,Yes,Medium,17571.25,99,6.2,1.29797,10816.416666666666,-6754.833333333334,1.1649046588133778
46.0,53228.0,15535.77,372,15,Bangalore,Corporate,Mobile,2024-08-28,Yes,High,35008.42,41,9.4,0.53228,4435.666666666667,-30572.75333333333,0.29187213496655895
71.0,175273.0,179128.73,815,2,Hyderabad,Retail,Agent,2026-02-01,Yes,Low,24457.54,98,8.5,1.75273,14606.083333333334,-9851.456666666667,1.0219984253136536
41.0,45567.0,214555.94,749,0,Mumbai,Premium,Mobile,2021-06-03,Yes,Low,13238.43,74,8.0,0.45567,3797.25,-9441.18,4.708581649000373
31.0,173066.0,15064.33,632,3,Pune,SME,Agent,2025-04-07,Yes,Medium,25849.14,49,6.6,1.73066,14422.166666666666,-11426.973333333333,0.08704384454485573
61.0,88095.0,151344.55801855895,767,9,Mumbai,Corporate,Mobile,2021-10-24,Yes,Low,32149.85,63,1.4,0.88095,7341.25,-24808.6,1.717969896345524
56.0,61487.0,225531.65,798,0,Mumbai,Retail,Online,2024-04-07,No,Low,3246.79,51,2.4,0.61487,5123.916666666667,1877.126666666667,3.667956641241238
52.0,30410.0,109093.61,572,9,Hyderabad,Retail,Branch,2025-12-03,Yes,Medium,42638.8,94,4.9,0.3041,2534.1666666666665,-40104.63333333334,3.5874255179217363
47.0,198724.0,29254.3,429,7,Kolkata,Corporate,Online,2025-02-28,Yes,High,3302.44,47,1.1,1.98724,16560.333333333332,13257.893333333332,0.14721070429339184
18.0,48429.0,208988.18,696,15,Kolkata,Corporate,Agent,2022-07-24,Yes,Medium,7840.94,18,1.6,0.48429,4035.75,-3805.1899999999996,4.3153519585372395
24.0,188268.0,284733.64,426,11,Bangalore,Premium,Mobile,2021-01-24,Yes,High,41726.03,135,5.9,1.88268,15689.0,-26037.03,1.5123846856608665
25.0,134869.0,233236.64,751,10,Chennai,Retail,Agent,2024-08-22,Yes,Low,41215.53,25,1.1,1.34869,11239.083333333334,-29976.446666666663,1.729356931540977
71.0,53179.0,214392.38,536,0,Kolkata,Retail,Mobile,2021-03-24,Yes,High,20887.24,23,8.8,0.53179,4431.583333333333,-16455.65666666667,4.031523345681566
52.0,111365.0,68018.21,400,11,Bangalore,Retail,Agent,2025-10-03,Yes,High,22496.93,92,6.3,1.11365,9280.416666666666,-13216.513333333334,0.6107682844699861
45.0,121044.0,209911.56,570,5,Delhi,SME,Agent,2022-11-12,Yes,Medium,4399.71,140,8.0,1.21044,10087.0,5687.29,1.7341756716565877
74.0,81481.0,151344.55801855895,330,14,Mumbai,Corporate,Branch,2025-04-21,No,High,4448.29,91,7.1,0.81481,6790.083333333333,2341.793333333333,1.8574214604454897
47.0,184476.0,285869.04,404,14,Kolkata,Retail,Mobile,2021-08-08,Yes,High,31217.68,62,8.1,1.84476,15373.0,-15844.68,1.5496272685877837
43.0,97930.0,294991.7,336,8,Mumbai,SME,Branch,2022-07-26,No,High,43219.83,131,1.3,0.9793,8160.833333333333,-35058.996666666666,3.0122710099050343
24.0,133856.0,284721.36,572,9,Chennai,SME,Agent,2021-07-24,Yes,Medium,46346.35,114,9.4,1.33856,11154.666666666666,-35191.683333333334,2.1270720774563707
64.0,99071.0,28718.72,475,2,Chennai,SME,Branch,2023-08-24,Yes,High,24625.17,42,3.3,0.99071,8255.916666666666,-16369.253333333332,0.2898801869366414
29.0,106437.0,262116.88,776,3,Pune,Retail,Branch,2023-08-24,No,Low,45497.53,13,1.3,1.06437,8869.75,-36627.78,2.4626481392748762
22.0,163299.0,164335.41,635,7,Hyderabad,Premium,Agent,2025-06-19,Yes,Medium,18639.6,140,3.7,1.63299,13608.25,-5031.3499999999985,1.0063467014494885
19.0,151446.0,84100.34,334,7,Delhi,Corporate,Branch,2025-02-07,Yes,High,32917.81,143,5.7,1.51446,12620.5,-20297.309999999998,0.5553156900809529
19.0,139914.0,278828.01,829,2,Delhi,Corporate,Mobile,2022-04-22,No,Low,46535.33,141,9.7,1.39914,11659.5,-34875.83,1.992852823877525
24.0,34596.0,79611.03,695,1,Chennai,Premium,Agent,2022-05-28,No,Medium,973.13,112,1.0,0.34596,2883.0,1909.87,2.30116285119667
26.0,208305.0,284218.57,691,12,Pune,Retail,Mobile,2022-05-04,Yes,Medium,8332.84,65,3.6,2.08305,17358.75,9025.91,1.3644346991190803
21.0,213785.0,286060.53,765,5,Hyderabad,Retail,Online,2021-01-29,Yes,Low,48016.44,76,4.0,2.13785,17815.416666666668,-30201.023333333334,1.3380757770657437
41.0,73787.0,79850.4,790,8,Pune,Corporate,Mobile,2024-12-31,No,Low,559.58,147,7.1,0.73787,6148.916666666667,5589.336666666667,1.082174366758372
30.0,191370.0,6642.44,570,10,Chennai,SME,Agent,2025-12-07,No,High,24625.17,146,2.5,1.9137,15947.5,-8677.669999999998,0.03470993363641114
74.0,130432.0,38381.08,732,4,Chennai,SME,Mobile,2021-05-14,Yes,Low,26730.01,48,4.7,1.30432,10869.333333333334,-15860.676666666664,0.29426122423945045
39.0,99131.0,163141.72,374,5,Mumbai,SME,Branch,2025-11-06,Yes,High,24625.17,99,1.5,0.99131,8260.916666666666,-16364.253333333332,1.6457184937103428
75.0,229451.0,98113.39,491,14,Bangalore,SME,Mobile,2023-08-10,Yes,High,14091.35,21,6.8,2.29451,19120.916666666668,5029.5666666666675,0.4276006206118082
57.0,108820.0,134633.64,746,15,Kolkata,Corporate,Branch,2021-01-29,Yes,Low,14902.44,76,2.0,1.0882,9068.333333333334,-5834.106666666667,1.23721411505238
18.0,163999.0,8175.0,804,11,Mumbai,Retail,Agent,2023-04-22,Yes,High,4786.07,111,5.1,1.63999,13666.583333333334,8880.513333333334,0.049847864926005646
73.0,171385.0,38880.2,570,10,Delhi,SME,Agent,2023-08-24,No,Medium,4228.41,9,5.605416666666668,1.71385,14282.083333333334,10053.673333333334,0.22685882661843218
44.0,48711.0,27628.58,504,7,Bangalore,Premium,Online,2021-04-05,Yes,High,29315.01,61,5.7,0.48711,4059.25,-25255.76,0.5671938576502228
56.0,210413.0,187043.35,406,14,Kolkata,Premium,Online,2025-12-27,Yes,High,38452.23,36,1.8,2.10413,17534.416666666668,-20917.813333333335,0.8889343814308052
34.0,139914.0,123148.74,331,11,Pune,Premium,Mobile,2025-03-07,No,High,34113.92,61,1.6,1.39914,11659.5,-22454.42,0.8801745357862687
59.0,45953.0,39014.33,470,11,Kolkata,Corporate,Agent,2025-07-07,Yes,High,28921.02,96,1.4,0.45953,3829.4166666666665,-25091.603333333333,0.8490050703980154
47.0,36205.0,66534.59,841,15,Hyderabad,Retail,Agent,2025-09-02,Yes,Low,21752.47,34,1.7,0.36205,3017.0833333333335,-18735.38666666667,1.83771827095705
25.0,146237.0,8493.38,545,2,Delhi,Premium,Agent,2022-03-15,Yes,High,3787.61,24,8.4,1.46237,12186.416666666666,8398.806666666665,0.05807955578957445
62.0,55111.0,93658.91,595,7,Mumbai,SME,Agent,2023-09-03,No,Medium,23166.52,78,8.8,0.55111,4592.583333333333,-18573.93666666667,1.699459454555352
37.0,237652.0,129333.72,763,1,Chennai,Premium,Branch,2023-04-08,Yes,Low,32318.77,122,9.9,2.37652,19804.333333333332,-12514.436666666668,0.5442147341490919
51.0,214004.0,173779.91,686,6,Pune,Premium,Branch,2022-04-22,Yes,Medium,39764.87,85,4.9,2.14004,17833.666666666668,-21931.203333333335,0.8120404758789556
47.0,117573.0,261905.82,657,2,Pune,Premium,Branch,2022-07-02,Yes,Medium,39559.16,7,1.9,1.17573,9797.75,-29761.410000000003,2.2276017452986654
54.0,123511.0,280896.35,388,5,Pune,Premium,Mobile,2024-09-11,No,High,24625.17,48,6.7,1.23511,10292.583333333334,-14332.586666666664,2.274261806640704
31.0,125500.0,189174.28,846,11,Delhi,Corporate,Agent,2022-04-08,Yes,Low,22161.09,102,8.5,1.255,10458.333333333334,-11702.756666666666,1.507364780876494
47.0,101619.0,279182.04,392,3,Bangalore,Retail,Mobile,2023-07-26,Yes,High,37316.48,100,7.3,1.01619,8468.25,-28848.230000000003,2.747340950019189
41.0,201611.0,40736.71,507,15,Bangalore,SME,Agent,2024-11-03,Yes,High,18815.18,58,7.2,2.01611,16800.916666666668,-2014.2633333333324,0.20205598900853625
61.0,128850.0,266135.8,840,9,Kolkata,SME,Mobile,2026-01-15,Yes,Low,34300.44,83,5.0,1.2885,10737.5,-23562.940000000002,2.0654699262708576
33.0,88037.0,129948.93,449,8,Mumbai,Premium,Mobile,2022-11-30,Yes,High,24625.17,147,9.7,0.88037,7336.416666666667,-17288.75333333333,1.4760717652805069
43.0,122756.0,36633.45,487,8,Pune,Premium,Mobile,2021-07-04,No,High,10165.71,14,6.4,1.22756,10229.666666666666,63.95666666666693,0.29842492423995565
18.0,189232.0,235131.72,306,10,Hyderabad,SME,Mobile,2025-09-10,No,High,27227.44,85,5.9,1.89232,15769.333333333334,-11458.106666666665,1.2425579183224824
42.0,88530.0,153490.72,677,12,Hyderabad,Retail,Agent,2021-07-10,No,Medium,8455.42,119,8.6,0.8853,7377.5,-1077.92,1.733770699198012
31.0,205738.0,270989.4,392,8,Mumbai,Corporate,Agent,2025-07-05,Yes,High,34087.69,134,2.6,2.05738,17144.833333333332,-16942.85666666667,1.317157744315586
25.0,211994.0,160507.65,737,8,Kolkata,Retail,Online,2022-10-17,Yes,Low,26518.74,87,1.3,2.11994,17666.166666666668,-8852.573333333334,0.7571329848957989
64.0,30105.0,32117.15,794,8,Bangalore,Retail,Agent,2023-08-26,No,Low,20943.11,107,9.3,0.30105,2508.75,-18434.36,1.0668377345955822
55.0,248332.0,274980.99,783,6,Chennai,Retail,Branch,2023-08-24,Yes,Low,48511.32,119,3.1,2.48332,20694.333333333332,-27816.986666666668,1.1073119452990352
